"Ingredients: ['Tomato, roma', 'Tomato Sauce, pasta, spaghetti/marinara, ready-to-serve', 'Oil, olive, extra virgin', 'Cheese, mozzarella, low moisture, part-skim', 'Cheese, feta, whole milk, crumbled', 'Bread, white, commercially prepared', 'Peppers, bell, red, raw', 'Spinach, mature', 'Flour, wheat, all-purpose, enriched, bleached', 'Eggs, Grade A, Large, egg yolk'] Recipe: ['2 sheets frozen puff pastry, thawed', '1 large egg', '1 tablespoon water', '1 (14.5-ounce) can whole peeled tomatoes, drained', '2 teaspoons extra-virgin olive oil, divided, or as needed', '1 clove garlic', '1 pinch sea salt', '6 ounces fresh mozzarella cheese, chopped', '1/4 cup shredded Parmigiano-Reggiano cheese', '10 basil leaves, coarsely torn']",0
"Ingredients: ['Tomato, roma', 'Tomato Sauce, pasta, spaghetti/marinara, ready-to-serve', 'Oil, olive, extra virgin', 'Cheese, mozzarella, low moisture, part-skim', 'Cheese, feta, whole milk, crumbled', 'Bread, white, commercially prepared', 'Peppers, bell, red, raw', 'Spinach, mature', 'Flour, wheat, all-purpose, enriched, bleached', 'Eggs, Grade A, Large, egg yolk'] Recipe: ['1 pound fresh pizza dough', 'flour for dusting', '4 tablespoons olive oil, divided', '0.5 pound cremini mushrooms, thinly sliced', '0.5 pound maitake mushrooms, broken into small clusters', '2 tablespoons chopped fresh oregano', '2 tablespoons fresh thyme leaves, plus more for garnish', '0.5 teaspoon kosher salt, divided', '0.75 teaspoon freshly ground black pepper, divided, or more to taste', '1 (5 ounce) package fresh baby spinach', '1 cup whole milk ricotta cheese', '0.5 cup finely grated Pecorino Romano cheese', '2 cloves garlic, grated', '1 cup shredded part-skim mozzarella cheese', 'shaved Pecorino Romano cheese, for garnish']",1
"Ingredients: ['Tomato, roma', 'Tomato Sauce, pasta, spaghetti/marinara, ready-to-serve', 'Oil, olive, extra virgin', 'Cheese, mozzarella, low moisture, part-skim', 'Cheese, feta, whole milk, crumbled', 'Bread, white, commercially prepared', 'Peppers, bell, red, raw', 'Spinach, mature', 'Flour, wheat, all-purpose, enriched, bleached', 'Eggs, Grade A, Large, egg yolk'] Recipe: ['2 (8 ounce) packages refrigerated crescent rolls', '2 (8 ounce) packages cream cheese, softened', '1 cup mayonnaise', '1 (1 ounce) package dry Ranch-style dressing mix', '1 cup fresh broccoli, chopped', '1 cup chopped tomatoes', '1 cup chopped green bell pepper', '1 cup chopped cauliflower', '1 cup shredded carrots', '1 cup shredded Cheddar cheese']",0
"Ingredients: ['Tomato, roma', 'Tomato Sauce, pasta, spaghetti/marinara, ready-to-serve', 'Oil, olive, extra virgin', 'Cheese, mozzarella, low moisture, part-skim', 'Cheese, feta, whole milk, crumbled', 'Bread, white, commercially prepared', 'Peppers, bell, red, raw', 'Spinach, mature', 'Flour, wheat, all-purpose, enriched, bleached', 'Eggs, Grade A, Large, egg yolk'] Recipe: ['6 pita breads', '1 (6.5 ounce) can tomato sauce', '1 (4 ounce) can sliced black olives, drained', '1 ounce diced pimento peppers, drained', '2 small tomatoes, thinly sliced', '4 ounces shredded mozzarella cheese', '4 ounces blue cheese, crumbled', '1 pinch dried basil', '1 pinch dried oregano', '1 pinch crushed coriander seed']",0
"Ingredients: ['Tomato, roma', 'Tomato Sauce, pasta, spaghetti/marinara, ready-to-serve', 'Oil, olive, extra virgin', 'Cheese, mozzarella, low moisture, part-skim', 'Cheese, feta, whole milk, crumbled', 'Bread, white, commercially prepared', 'Peppers, bell, red, raw', 'Spinach, mature', 'Flour, wheat, all-purpose, enriched, bleached', 'Eggs, Grade A, Large, egg yolk'] Recipe: ['1 cup warm water (110 degrees F/45 degrees C)', '1 (.25 ounce) package active dry yeast', '1 pinch white sugar', '3.3333332538605 cups all-purpose flour', '1 tablespoon olive oil', '2 teaspoons kosher salt', '2 cloves garlic, minced', '1 tablespoon chopped fresh basil', '0.5 cup olive oil', '1 teaspoon minced garlic', '0.25 cup tomato sauce, divided', '1 cup chopped tomatoes, divided', '0.25 cup sliced black olives, divided', '0.25 cup roasted red peppers, drained and chopped, divided', '2 cups shredded mozzarella cheese, divided', '4 tablespoons chopped fresh basil, divided']",1
"Ingredients: ['Tomato, roma', 'Tomato Sauce, pasta, spaghetti/marinara, ready-to-serve', 'Oil, olive, extra virgin', 'Cheese, mozzarella, low moisture, part-skim', 'Cheese, feta, whole milk, crumbled', 'Bread, white, commercially prepared', 'Peppers, bell, red, raw', 'Spinach, mature', 'Flour, wheat, all-purpose, enriched, bleached', 'Eggs, Grade A, Large, egg yolk'] Recipe: ['0.25 cup warm water', '1 teaspoon active dry yeast', '1 cup cold water', '1 teaspoon salt', '3 cups bread flour', '1 tablespoon extra-virgin olive oil', '6 ounces low moisture mozzarella cheese, thinly sliced', '0.5 teaspoon dried oregano', '0.25 teaspoon freshly ground black pepper', '0.5 cup no salt added canned crushed tomatoes', '2 tablespoons extra-virgin olive oil', '6 leaves fresh basil, torn']",1
"Ingredients: ['Tomato, roma', 'Tomato Sauce, pasta, spaghetti/marinara, ready-to-serve', 'Oil, olive, extra virgin', 'Cheese, mozzarella, low moisture, part-skim', 'Cheese, feta, whole milk, crumbled', 'Bread, white, commercially prepared', 'Peppers, bell, red, raw', 'Spinach, mature', 'Flour, wheat, all-purpose, enriched, bleached', 'Eggs, Grade A, Large, egg yolk'] Recipe: ['1 (12 inch) pre-baked pizza crust', '0.5 cup pesto', '1 ripe tomato, chopped', '0.5 cup green bell pepper, chopped', '1 (2 ounce) can chopped black olives, drained', '0.5 small red onion, chopped', '1 (4 ounce) can artichoke hearts, drained and sliced', '1 cup crumbled feta cheese']",0
"Ingredients: ['Tomato, roma', 'Tomato Sauce, pasta, spaghetti/marinara, ready-to-serve', 'Oil, olive, extra virgin', 'Cheese, mozzarella, low moisture, part-skim', 'Cheese, feta, whole milk, crumbled', 'Bread, white, commercially prepared', 'Peppers, bell, red, raw', 'Spinach, mature', 'Flour, wheat, all-purpose, enriched, bleached', 'Eggs, Grade A, Large, egg yolk'] Recipe: ['1 (.25 ounce) envelope active dry yeast', '1 cup lukewarm water', '3 cups all-purpose flour', '2 tablespoons shortening', '0.25 teaspoon salt', '1 tablespoon vegetable oil', '0.5 cup chopped onion', '1 (6 ounce) can tomato paste', '0.75 cup water', '1 teaspoon salt', '0.5 teaspoon white sugar', '0.5 teaspoon dried oregano', '0.25 teaspoon garlic powder', '0.25 teaspoon dried basil', '0.25 teaspoon dried marjoram', '0.25 teaspoon ground cumin', '0.25 teaspoon chili powder', '0.125 teaspoon crushed red pepper flakes', '0.125 teaspoon ground black pepper', '1 (12 ounce) package shredded mozzarella cheese, or to taste']",0
"Ingredients: ['Tomato, roma', 'Tomato Sauce, pasta, spaghetti/marinara, ready-to-serve', 'Oil, olive, extra virgin', 'Cheese, mozzarella, low moisture, part-skim', 'Cheese, feta, whole milk, crumbled', 'Bread, white, commercially prepared', 'Peppers, bell, red, raw', 'Spinach, mature', 'Flour, wheat, all-purpose, enriched, bleached', 'Eggs, Grade A, Large, egg yolk'] Recipe: ['2 teaspoons active dry yeast', '1 cup warm water', '3 cups all-purpose flour', '1 tablespoon white sugar', '1 tablespoon dried oregano', '1 teaspoon salt', '1 egg', '1 tablespoon extra-virgin olive oil', '1 (15 ounce) can diced tomatoes', '1 (6 ounce) can tomato paste', '0.5 small onion, chopped', '1 tablespoon dried oregano', '1 clove garlic, finely chopped', '1 teaspoon onion powder', '1 teaspoon kosher salt', '1 pinch ground black pepper', '1.25 cups shredded mozzarella cheese', '0.5 cup chopped green bell pepper', '0.5 cup chopped onion', '0.5 cup sliced fresh mushrooms', '0.25 cup shredded mozzarella cheese']",1
"Ingredients: ['Tomato, roma', 'Tomato Sauce, pasta, spaghetti/marinara, ready-to-serve', 'Oil, olive, extra virgin', 'Cheese, mozzarella, low moisture, part-skim', 'Cheese, feta, whole milk, crumbled', 'Bread, white, commercially prepared', 'Peppers, bell, red, raw', 'Spinach, mature', 'Flour, wheat, all-purpose, enriched, bleached', 'Eggs, Grade A, Large, egg yolk'] Recipe: ['2 tablespoons butter, melted', '1 tablespoon olive oil', '3 tablespoons minced garlic', '2 tablespoons sun-dried tomato pesto', '1 teaspoon dried basil leaves', '1 teaspoon dried oregano', '1 tablespoon grated Parmesan cheese', '1 unbaked pizza crust', '1 tomato, sliced', '1 bunch fresh spinach, torn', '1 sweet onion, sliced', '1 fresh jalapeno pepper, chopped', '1 (6 ounce) package feta cheese, crumbled']",0
"Ingredients: ['Tomato, roma', 'Tomato Sauce, pasta, spaghetti/marinara, ready-to-serve', 'Oil, olive, extra virgin', 'Cheese, mozzarella, low moisture, part-skim', 'Cheese, feta, whole milk, crumbled', 'Bread, white, commercially prepared', 'Peppers, bell, red, raw', 'Spinach, mature', 'Flour, wheat, all-purpose, enriched, bleached', 'Eggs, Grade A, Large, egg yolk'] Recipe: ['1 (16 ounce) package refrigerated pizza crust dough', '4 ounces sliced provolone cheese', '1 Bosc pear, thinly sliced', '2 ounces chopped walnuts', '2.5 ounces Gorgonzola cheese, crumbled', '2 tablespoons chopped fresh chives']",0
"Ingredients: ['Tomato, roma', 'Tomato Sauce, pasta, spaghetti/marinara, ready-to-serve', 'Oil, olive, extra virgin', 'Cheese, mozzarella, low moisture, part-skim', 'Cheese, feta, whole milk, crumbled', 'Bread, white, commercially prepared', 'Peppers, bell, red, raw', 'Spinach, mature', 'Flour, wheat, all-purpose, enriched, bleached', 'Eggs, Grade A, Large, egg yolk'] Recipe: ['1 tablespoon olive oil', '0.5 cup diced onion', '2 cloves garlic, minced', '0.5 (10 ounce) package frozen chopped spinach, thawed and squeezed dry', '0.25 cup chopped fresh basil', '2.25 teaspoons lemon juice', '1.5 teaspoons dried oregano', 'ground black pepper to taste', '1 (14 ounce) package refrigerated pizza crust', '1 tablespoon olive oil', '1 cup shredded mozzarella cheese', '1 large tomato, thinly sliced', '0.33333334326744 cup seasoned bread crumbs', '1 cup shredded mozzarella cheese', '0.75 cup crumbled feta cheese']",0
"Ingredients: ['Tomato, roma', 'Tomato Sauce, pasta, spaghetti/marinara, ready-to-serve', 'Oil, olive, extra virgin', 'Cheese, mozzarella, low moisture, part-skim', 'Cheese, feta, whole milk, crumbled', 'Bread, white, commercially prepared', 'Peppers, bell, red, raw', 'Spinach, mature', 'Flour, wheat, all-purpose, enriched, bleached', 'Eggs, Grade A, Large, egg yolk'] Recipe: ['1 (10 ounce) can refrigerated pizza crust dough', '1 cup hummus spread', '1.5 cups sliced bell peppers, any color', '1 cup broccoli florets', '2 cups shredded Monterey Jack cheese']",0
"Ingredients: ['Tomato, roma', 'Tomato Sauce, pasta, spaghetti/marinara, ready-to-serve', 'Oil, olive, extra virgin', 'Cheese, mozzarella, low moisture, part-skim', 'Cheese, feta, whole milk, crumbled', 'Bread, white, commercially prepared', 'Peppers, bell, red, raw', 'Spinach, mature', 'Flour, wheat, all-purpose, enriched, bleached', 'Eggs, Grade A, Large, egg yolk'] Recipe: ['1 medium russet potato, peeled', '3 cups bread flour', '3.5 teaspoons dark brown sugar', '2 teaspoons kosher salt', '1 (.25 ounce) package rapid-rise yeast', '0.5 cup extra-virgin olive oil, divided', '1.3333333730698 cups water', '1 serving olive oil cooking spray', '0.25 cup extra-virgin olive oil', '6 medium garlic, crushed', '1 (28 ounce) can whole peeled San Marzano tomatoes', '2 tablespoons tomato paste', '2 tablespoons onion powder', '2 teaspoons dried oregano', '0.5 teaspoon red pepper flakes', '1 tablespoon white sugar', '4 sprigs fresh basil', '1 pinch kosher salt and cracked black pepper to taste', '10 ounces grated Parmigiano-Reggiano cheese, divided', '2 cups shredded mozzarella cheese']",0
"Ingredients: ['Tomato, roma', 'Tomato Sauce, pasta, spaghetti/marinara, ready-to-serve', 'Oil, olive, extra virgin', 'Cheese, mozzarella, low moisture, part-skim', 'Cheese, feta, whole milk, crumbled', 'Bread, white, commercially prepared', 'Peppers, bell, red, raw', 'Spinach, mature', 'Flour, wheat, all-purpose, enriched, bleached', 'Eggs, Grade A, Large, egg yolk'] Recipe: ['1 (8 ounce) package refrigerated crescent rolls', '1 (8 ounce) package cream cheese, softened', '1 (1 ounce) package Ranch-style dressing mix', '2 carrots, finely chopped', '0.5 cup chopped red bell peppers', '0.5 cup chopped green bell pepper', '0.5 cup fresh broccoli, chopped', '0.5 cup chopped green onions']",0
"Ingredients: ['Tomato, roma', 'Tomato Sauce, pasta, spaghetti/marinara, ready-to-serve', 'Oil, olive, extra virgin', 'Cheese, mozzarella, low moisture, part-skim', 'Cheese, feta, whole milk, crumbled', 'Bread, white, commercially prepared', 'Peppers, bell, red, raw', 'Spinach, mature', 'Flour, wheat, all-purpose, enriched, bleached', 'Eggs, Grade A, Large, egg yolk'] Recipe: ['1 (12 inch) pre-baked pizza crust', '3 tablespoons olive oil', '1 teaspoon sesame oil', '1 cup fresh spinach, rinsed and dried', '8 ounces shredded mozzarella cheese', '1 cup sliced fresh mushrooms']",1
"Ingredients: ['Tomato, roma', 'Tomato Sauce, pasta, spaghetti/marinara, ready-to-serve', 'Oil, olive, extra virgin', 'Cheese, mozzarella, low moisture, part-skim', 'Cheese, feta, whole milk, crumbled', 'Bread, white, commercially prepared', 'Peppers, bell, red, raw', 'Spinach, mature', 'Flour, wheat, all-purpose, enriched, bleached', 'Eggs, Grade A, Large, egg yolk'] Recipe: ['2 tablespoons lemon juice', '0.5 teaspoon garlic powder', '0.25 teaspoon dried oregano', '0.25 teaspoon dried basil', '6 tablespoons olive oil', '2 (4 inch) pita bread rounds', '2 cups torn fresh spinach', '0.25 cup halved grape tomatoes', '3 tablespoons chopped pimento-stuffed green olives', '0.5 cup shredded mozzarella cheese', '0.5 cup crumbled feta cheese']",0
"Ingredients: ['Tomato, roma', 'Tomato Sauce, pasta, spaghetti/marinara, ready-to-serve', 'Oil, olive, extra virgin', 'Cheese, mozzarella, low moisture, part-skim', 'Cheese, feta, whole milk, crumbled', 'Bread, white, commercially prepared', 'Peppers, bell, red, raw', 'Spinach, mature', 'Flour, wheat, all-purpose, enriched, bleached', 'Eggs, Grade A, Large, egg yolk'] Recipe: ['1 (.25 ounce) package active dry yeast', '1 cup warm water', '2 cups whole wheat flour', '0.25 cup wheat germ', '1 teaspoon salt', '1 tablespoon honey']",0
"Ingredients: ['Tomato, roma', 'Tomato Sauce, pasta, spaghetti/marinara, ready-to-serve', 'Oil, olive, extra virgin', 'Cheese, mozzarella, low moisture, part-skim', 'Cheese, feta, whole milk, crumbled', 'Bread, white, commercially prepared', 'Peppers, bell, red, raw', 'Spinach, mature', 'Flour, wheat, all-purpose, enriched, bleached', 'Eggs, Grade A, Large, egg yolk'] Recipe: ['1 unbaked pizza crust', '6 tablespoons prepared pesto sauce', '3 roma tomatoes, thinly sliced', '1 (8 ounce) package seasoned goat cheese', '2 cloves garlic, peeled and thinly sliced', '1 cup fresh arugula', '1 teaspoon olive oil']",0
"Ingredients: ['Tomato, roma', 'Tomato Sauce, pasta, spaghetti/marinara, ready-to-serve', 'Oil, olive, extra virgin', 'Cheese, mozzarella, low moisture, part-skim', 'Cheese, feta, whole milk, crumbled', 'Bread, white, commercially prepared', 'Peppers, bell, red, raw', 'Spinach, mature', 'Flour, wheat, all-purpose, enriched, bleached', 'Eggs, Grade A, Large, egg yolk'] Recipe: ['4 tablespoons olive oil, divided', '1 tablespoon cornmeal', '2 (10 ounce) containers prepared pizza dough', '1 cup prepared pesto sauce', '1.5 cups grated sharp white Cheddar cheese', '1 (10 ounce) bag kettle-cooked potato chips', '1 small red onion, thinly sliced', '1.5 cups grated mozzarella cheese']",0
"Ingredients: ['Tomato, roma', 'Tomato Sauce, pasta, spaghetti/marinara, ready-to-serve', 'Oil, olive, extra virgin', 'Cheese, mozzarella, low moisture, part-skim', 'Cheese, feta, whole milk, crumbled', 'Bread, white, commercially prepared', 'Peppers, bell, red, raw', 'Spinach, mature', 'Flour, wheat, all-purpose, enriched, bleached', 'Eggs, Grade A, Large, egg yolk'] Recipe: ['1 (1 pound) loaf frozen white bread dough, thawed', '1 tablespoon olive oil', 'salt to taste', '0.5 teaspoon ground black pepper', '1 sprig fresh basil, chopped', '1.5 teaspoons minced fresh rosemary', '0.75 cup Italian tomato sauce', '4 ounces crumbled goat cheese', '2 sprigs fresh basil, chopped']",1
"Ingredients: ['Tomato, roma', 'Tomato Sauce, pasta, spaghetti/marinara, ready-to-serve', 'Oil, olive, extra virgin', 'Cheese, mozzarella, low moisture, part-skim', 'Cheese, feta, whole milk, crumbled', 'Bread, white, commercially prepared', 'Peppers, bell, red, raw', 'Spinach, mature', 'Flour, wheat, all-purpose, enriched, bleached', 'Eggs, Grade A, Large, egg yolk'] Recipe: ['1 ready made pizza crust', '2 cups shredded mozzarella cheese', '1 cup tomato sauce', '0.5 cup chopped green bell pepper', '0.5 cup fresh sliced mushrooms']",1
"Ingredients: ['Tomato, roma', 'Tomato Sauce, pasta, spaghetti/marinara, ready-to-serve', 'Oil, olive, extra virgin', 'Cheese, mozzarella, low moisture, part-skim', 'Cheese, feta, whole milk, crumbled', 'Bread, white, commercially prepared', 'Peppers, bell, red, raw', 'Spinach, mature', 'Flour, wheat, all-purpose, enriched, bleached', 'Eggs, Grade A, Large, egg yolk'] Recipe: ['1 cup thinly sliced onion', '0.5 butternut squash - peeled, seeded, and thinly sliced', '1 teaspoon chopped fresh rosemary', 'salt and black pepper to taste', '3 tablespoons olive oil, divided', '1 (16 ounce) package refrigerated pizza crust dough, divided', '1 tablespoon cornmeal', '2 tablespoons grated Asiago or Parmesan cheese']",0
"Ingredients: ['Tomato, roma', 'Tomato Sauce, pasta, spaghetti/marinara, ready-to-serve', 'Oil, olive, extra virgin', 'Cheese, mozzarella, low moisture, part-skim', 'Cheese, feta, whole milk, crumbled', 'Bread, white, commercially prepared', 'Peppers, bell, red, raw', 'Spinach, mature', 'Flour, wheat, all-purpose, enriched, bleached', 'Eggs, Grade A, Large, egg yolk'] Recipe: ['3 tablespoons olive oil', '1 zucchini, thinly sliced into rounds', 'cooking spray', '1 cup all-purpose flour', '2 teaspoons active dry yeast', '1 teaspoon white sugar', '0.25 teaspoon salt', '2 tablespoons vegetable oil', '0.33333334326744 cup warm water', '0.25 cup prepared pizza sauce', '0.5 cup shredded mozzarella cheese', '3 tablespoons mascarpone cheese']",0
"Ingredients: ['Tomato, roma', 'Tomato Sauce, pasta, spaghetti/marinara, ready-to-serve', 'Oil, olive, extra virgin', 'Cheese, mozzarella, low moisture, part-skim', 'Cheese, feta, whole milk, crumbled', 'Bread, white, commercially prepared', 'Peppers, bell, red, raw', 'Spinach, mature', 'Flour, wheat, all-purpose, enriched, bleached', 'Eggs, Grade A, Large, egg yolk'] Recipe: ['0.125 cup butter', '2 large Vidalia onions, thinly sliced', '2 teaspoons sugar', '1 (10 ounce) package refrigerated pizza dough', '1 pound Gorgonzola cheese, crumbled']",1
"Ingredients: ['Tomato, roma', 'Tomato Sauce, pasta, spaghetti/marinara, ready-to-serve', 'Oil, olive, extra virgin', 'Cheese, mozzarella, low moisture, part-skim', 'Cheese, feta, whole milk, crumbled', 'Bread, white, commercially prepared', 'Peppers, bell, red, raw', 'Spinach, mature', 'Flour, wheat, all-purpose, enriched, bleached', 'Eggs, Grade A, Large, egg yolk'] Recipe: ['3 cups bread flour', '1 (.25 ounce) envelope active dry yeast', '1.25 cups warm water', '3 tablespoons extra virgin olive oil, divided', '3 tablespoons chopped fresh rosemary', '1 (14 ounce) can pizza sauce', '3 cups shredded mozzarella cheese', '2 ripe tomatoes, sliced', '1 zucchini, sliced', '15 slices vegetarian pepperoni', '1 (2.25 ounce) can sliced black olives']",0
"Ingredients: ['Tomato, roma', 'Tomato Sauce, pasta, spaghetti/marinara, ready-to-serve', 'Oil, olive, extra virgin', 'Cheese, mozzarella, low moisture, part-skim', 'Cheese, feta, whole milk, crumbled', 'Bread, white, commercially prepared', 'Peppers, bell, red, raw', 'Spinach, mature', 'Flour, wheat, all-purpose, enriched, bleached', 'Eggs, Grade A, Large, egg yolk'] Recipe: ['2 multigrain and flax flatbreads (such as Flatout®)', '0.5 cup hummus', '1 cup crumbled feta cheese', '0.25 cup slice red bell pepper', '0.25 cup sliced green bell pepper', '0.25 cup thinly sliced onion', '1 cup shredded Colby-Monterey Jack cheese', '1 pinch garlic salt, or to taste', '1 pinch ground black pepper to taste', '1 sprig fresh dill, chopped, or to taste']",0
"Ingredients: ['Tomato, roma', 'Tomato Sauce, pasta, spaghetti/marinara, ready-to-serve', 'Oil, olive, extra virgin', 'Cheese, mozzarella, low moisture, part-skim', 'Cheese, feta, whole milk, crumbled', 'Bread, white, commercially prepared', 'Peppers, bell, red, raw', 'Spinach, mature', 'Flour, wheat, all-purpose, enriched, bleached', 'Eggs, Grade A, Large, egg yolk'] Recipe: []",0
"Ingredients: ['Tomato, roma', 'Tomato Sauce, pasta, spaghetti/marinara, ready-to-serve', 'Oil, olive, extra virgin', 'Cheese, mozzarella, low moisture, part-skim', 'Cheese, feta, whole milk, crumbled', 'Bread, white, commercially prepared', 'Peppers, bell, red, raw', 'Spinach, mature', 'Flour, wheat, all-purpose, enriched, bleached', 'Eggs, Grade A, Large, egg yolk'] Recipe: ['1 (10 ounce) can refrigerated pizza crust dough', '1 cup light sour cream', '1 cup light cream cheese, softened', '1 teaspoon dried dill weed', '1 tablespoon olive oil', '5 fresh mushrooms, sliced', '1 small onion, peeled and sliced', '1 clove garlic, minced', '0.5 red bell pepper, seeded and sliced into strips', '0.75 cup baby spinach leaves']",0
"Ingredients: ['Tomato, roma', 'Tomato Sauce, pasta, spaghetti/marinara, ready-to-serve', 'Oil, olive, extra virgin', 'Cheese, mozzarella, low moisture, part-skim', 'Cheese, feta, whole milk, crumbled', 'Bread, white, commercially prepared', 'Peppers, bell, red, raw', 'Spinach, mature', 'Flour, wheat, all-purpose, enriched, bleached', 'Eggs, Grade A, Large, egg yolk'] Recipe: ['2 large portobello mushroom caps', '0.5 cup diced tomatoes', '2 tablespoons balsamic vinegar', '1 tablespoon olive oil', '1 tablespoon chopped fresh basil', '2 cloves garlic, chopped', '1 pinch dried parsley, or to taste', '1 pinch red pepper flakes, or to taste', '4 ounces shredded pepperjack cheese', '4 ounces shredded mozzarella cheese', '2 tablespoons sliced black olives, or to taste', '1 tablespoon Italian-style seasoned bread crumbs, or to taste']",0
"Ingredients: ['Tomato, roma', 'Tomato Sauce, pasta, spaghetti/marinara, ready-to-serve', 'Oil, olive, extra virgin', 'Cheese, mozzarella, low moisture, part-skim', 'Cheese, feta, whole milk, crumbled', 'Bread, white, commercially prepared', 'Peppers, bell, red, raw', 'Spinach, mature', 'Flour, wheat, all-purpose, enriched, bleached', 'Eggs, Grade A, Large, egg yolk'] Recipe: ['3 slices bacon, cut crosswise into 1/2-inch pieces', '1 medium unpeeled apple, cored and sliced', '1 small red onion, sliced', '0.5 teaspoon dried thyme', '2 tablespoons white balsamic vinegar', 'salt and ground black pepper to taste', '1 (9 inch) granulated sugar (optional)', '1 teaspoon olive oil', '0.5 cup shredded Gruyere cheese', '0.5 cup arugula, or to taste']",0
"Ingredients: ['Tomato, roma', 'Tomato Sauce, pasta, spaghetti/marinara, ready-to-serve', 'Oil, olive, extra virgin', 'Cheese, mozzarella, low moisture, part-skim', 'Cheese, feta, whole milk, crumbled', 'Bread, white, commercially prepared', 'Peppers, bell, red, raw', 'Spinach, mature', 'Flour, wheat, all-purpose, enriched, bleached', 'Eggs, Grade A, Large, egg yolk'] Recipe: ['2 tablespoons white sugar', '1 (.25 ounce) package active dry yeast', '1 cup warm water', '1.5 cups all-purpose flour', '4 heads garlic, peeled', '2 cups olive oil, or as needed', '1 tablespoon dried oregano', '1 tablespoon dried basil', '1 teaspoon dried marjoram', '1 teaspoon dried sage', '1 cup nutritional yeast', '3 cups smooth tomato sauce', '0.5 small red onion, thinly sliced', '1 avocado - peeled, pitted, and sliced']",0
"Ingredients: ['Tomato, roma', 'Tomato Sauce, pasta, spaghetti/marinara, ready-to-serve', 'Oil, olive, extra virgin', 'Cheese, mozzarella, low moisture, part-skim', 'Cheese, feta, whole milk, crumbled', 'Bread, white, commercially prepared', 'Peppers, bell, red, raw', 'Spinach, mature', 'Flour, wheat, all-purpose, enriched, bleached', 'Eggs, Grade A, Large, egg yolk'] Recipe: ['1 (12 inch) individual ready made pizza crusts', '1 tablespoon olive oil', '1 cup pizza sauce', '1 clove garlic, minced', '5 leaves escarole, rinsed and dried', '2 cups shredded mozzarella cheese', 'salt and pepper to taste']",0
"Ingredients: ['Tomato, roma', 'Tomato Sauce, pasta, spaghetti/marinara, ready-to-serve', 'Oil, olive, extra virgin', 'Cheese, mozzarella, low moisture, part-skim', 'Cheese, feta, whole milk, crumbled', 'Bread, white, commercially prepared', 'Peppers, bell, red, raw', 'Spinach, mature', 'Flour, wheat, all-purpose, enriched, bleached', 'Eggs, Grade A, Large, egg yolk'] Recipe: ['1 delicata squash - halved lengthwise, seeded, and cut into 1/4-inch slices', '4 tablespoons olive oil, divided', 'coarse salt and freshly ground black pepper to taste', '1 tablespoon flour, or as needed for dusting', '1 (16 ounce) package pizza dough', '1 tablespoon cornstarch, for dusting', '4 tablespoons basil pesto sauce', '16 ounces shredded mozzarella cheese, or as needed', '0.5 cup freshly grated Parmesan cheese, or to taste', '2 tablespoons chopped pecans, or more to taste']",0
"Ingredients: ['Tomato, roma', 'Tomato Sauce, pasta, spaghetti/marinara, ready-to-serve', 'Oil, olive, extra virgin', 'Cheese, mozzarella, low moisture, part-skim', 'Cheese, feta, whole milk, crumbled', 'Bread, white, commercially prepared', 'Peppers, bell, red, raw', 'Spinach, mature', 'Flour, wheat, all-purpose, enriched, bleached', 'Eggs, Grade A, Large, egg yolk'] Recipe: ['1 (16 ounce) package pizza dough, at room temperature', '0.25 cup olive oil', '4 ounces shredded Asiago cheese', '3 large tomatoes, thinly sliced', '1 cup packed whole basil leaves', '8 ounces fresh mozzarella cheese, shredded', 'salt and ground black pepper to taste']",1
"Ingredients: ['Tomato, roma', 'Tomato Sauce, pasta, spaghetti/marinara, ready-to-serve', 'Oil, olive, extra virgin', 'Cheese, mozzarella, low moisture, part-skim', 'Cheese, feta, whole milk, crumbled', 'Bread, white, commercially prepared', 'Peppers, bell, red, raw', 'Spinach, mature', 'Flour, wheat, all-purpose, enriched, bleached', 'Eggs, Grade A, Large, egg yolk'] Recipe: ['1 bunch asparagus, trimmed and snapped into pieces', '1 teaspoon olive oil, or as needed', 'salt and black pepper to taste', '0.5 cup pizza sauce', '1 (14 ounce) prebaked pizza crust (such as Boboli®)', '0.75 cup crumbled blue cheese']",0
"Ingredients: ['Tomato, roma', 'Tomato Sauce, pasta, spaghetti/marinara, ready-to-serve', 'Oil, olive, extra virgin', 'Cheese, mozzarella, low moisture, part-skim', 'Cheese, feta, whole milk, crumbled', 'Bread, white, commercially prepared', 'Peppers, bell, red, raw', 'Spinach, mature', 'Flour, wheat, all-purpose, enriched, bleached', 'Eggs, Grade A, Large, egg yolk'] Recipe: ['1 cup red lentils', '2 teaspoons oil', '1 onion, quartered', '3 cloves garlic, peeled', '0.5 bunch fresh parsley', '0.5 bunch fresh cilantro', '0.25 cup chopped green onions', '0.33333334326744 cup oil', '1 egg', '0.5 teaspoon baking powder', '0.25 teaspoon ground black pepper', '0.25 teaspoon chile powder', '0.25 teaspoon ground cumin', '0.25 teaspoon ground coriander', 'salt to taste', '1 cup yogurt', '4 teaspoons lemon juice', '1 tablespoon tahini', 'salt to taste', '0.75 cup shredded Cheddar cheese', '1 tomato, cubed', '0.25 cup sliced olives', '1 tablespoon minced fresh parsley', '2 teaspoons minced green onion']",0
"Ingredients: ['Tomato, roma', 'Tomato Sauce, pasta, spaghetti/marinara, ready-to-serve', 'Oil, olive, extra virgin', 'Cheese, mozzarella, low moisture, part-skim', 'Cheese, feta, whole milk, crumbled', 'Bread, white, commercially prepared', 'Peppers, bell, red, raw', 'Spinach, mature', 'Flour, wheat, all-purpose, enriched, bleached', 'Eggs, Grade A, Large, egg yolk'] Recipe: ['1.5 cups cauliflower florets', '0.75 cup shredded light mozzarella cheese', '1 egg', '2 teaspoons dried basil', '2 teaspoons dried parsley', '1 teaspoon oregano', '0.5 teaspoon fennel seeds', 'garlic powder to taste', '1 green bell pepper, chopped', '1 onion, chopped', '1 tomato, chopped']",0
"Ingredients: ['Tomato, roma', 'Tomato Sauce, pasta, spaghetti/marinara, ready-to-serve', 'Oil, olive, extra virgin', 'Cheese, mozzarella, low moisture, part-skim', 'Cheese, feta, whole milk, crumbled', 'Bread, white, commercially prepared', 'Peppers, bell, red, raw', 'Spinach, mature', 'Flour, wheat, all-purpose, enriched, bleached', 'Eggs, Grade A, Large, egg yolk'] Recipe: ['0.25 cup mayonnaise', '3 tablespoons ketchup', '1 teaspoon hot pepper sauce', '1 tablespoon olive oil', '1 (12-ounce) package plant-based burger patties', '0.5 cup finely chopped onion', '1 (16 ounce) package refrigerated pizza dough', '1 (8 ounce) package shredded Colby-Monterey Jack cheese', '0.5 cup dill pickle slices', '1 tablespoon prepared yellow mustard, or to taste', '0.25 cup shredded lettuce, or to taste', '0.25 cup diced tomatoes, or to taste']",0
"Ingredients: ['Tomato, roma', 'Tomato Sauce, pasta, spaghetti/marinara, ready-to-serve', 'Oil, olive, extra virgin', 'Cheese, mozzarella, low moisture, part-skim', 'Cheese, feta, whole milk, crumbled', 'Bread, white, commercially prepared', 'Peppers, bell, red, raw', 'Spinach, mature', 'Flour, wheat, all-purpose, enriched, bleached', 'Eggs, Grade A, Large, egg yolk'] Recipe: ['2 teaspoons canola oil', '1 sweet onion, thinly sliced', '2 teaspoons chopped fresh rosemary', '0.33333334326744 teaspoon freshly ground black pepper, or to taste', '0.5 teaspoon salt', '1.5 tablespoons water', '1 prepared whole wheat pizza crust', '1 (8 ounce) round Brie cheese, thinly sliced', '1 cup fresh raspberries', '1 fresh peach, sliced', '0.25 cup chopped fresh basil']",0
"Ingredients: ['Tomato, roma', 'Tomato Sauce, pasta, spaghetti/marinara, ready-to-serve', 'Oil, olive, extra virgin', 'Cheese, mozzarella, low moisture, part-skim', 'Cheese, feta, whole milk, crumbled', 'Bread, white, commercially prepared', 'Peppers, bell, red, raw', 'Spinach, mature', 'Flour, wheat, all-purpose, enriched, bleached', 'Eggs, Grade A, Large, egg yolk'] Recipe: []",0
"Ingredients: ['Tomato, roma', 'Tomato Sauce, pasta, spaghetti/marinara, ready-to-serve', 'Oil, olive, extra virgin', 'Cheese, mozzarella, low moisture, part-skim', 'Cheese, feta, whole milk, crumbled', 'Bread, white, commercially prepared', 'Peppers, bell, red, raw', 'Spinach, mature', 'Flour, wheat, all-purpose, enriched, bleached', 'Eggs, Grade A, Large, egg yolk'] Recipe: []",0
,
"Ingredients: ['Tomato, roma', 'Tomato Sauce, pasta, spaghetti/marinara, ready-to-serve', 'Peppers, bell, red, raw', 'Cheese, mozzarella, low moisture, part-skim', 'Cheese, feta, whole milk, crumbled', 'Bread, white, commercially prepared', 'Oil, olive, extra virgin', 'Spinach, mature', 'Cucumber, with peel, raw', 'Eggs, Grade A, Large, egg yolk'] Recipe: ['6 duck eggs', '1/2 cup shredded Parmesan cheese', '1/4 cup half and half', '1/4 cup ricotta cheese', '2 tablespoon pesto, plus more for garnish', '1 teaspoon thyme', '1/2 teaspoon salt', '1/4 teaspoon pepper', '1 pound frozen mixed carrots, broccoli, zucchini, and cauliflower (such as Normandy®', '\xa0blend)', '1 tablespoon unsalted butter', '2 garlic cloves minced', '4 ounces leftover cooked spaghetti pasta']",0
"Ingredients: ['Tomato, roma', 'Tomato Sauce, pasta, spaghetti/marinara, ready-to-serve', 'Peppers, bell, red, raw', 'Cheese, mozzarella, low moisture, part-skim', 'Cheese, feta, whole milk, crumbled', 'Bread, white, commercially prepared', 'Oil, olive, extra virgin', 'Spinach, mature', 'Cucumber, with peel, raw', 'Eggs, Grade A, Large, egg yolk'] Recipe: ['1 tablespoon olive oil', '1 large zucchini, grated and squeezed dry', 'salt and freshly ground black pepper to taste', '1 tablespoon chopped fresh mint', '1 tablespoon chopped fresh dill', '4 large eggs', '4 ounces halloumi cheese, sliced']",0
"Ingredients: ['Tomato, roma', 'Tomato Sauce, pasta, spaghetti/marinara, ready-to-serve', 'Peppers, bell, red, raw', 'Cheese, mozzarella, low moisture, part-skim', 'Cheese, feta, whole milk, crumbled', 'Bread, white, commercially prepared', 'Oil, olive, extra virgin', 'Spinach, mature', 'Cucumber, with peel, raw', 'Eggs, Grade A, Large, egg yolk'] Recipe: ['5 slices bacon', '6 large eggs', '1 cup milk', '2 tablespoons butter, melted', '0.5 teaspoon salt', '0.25 teaspoon ground black pepper', '0.25 cup chopped green onions', '1 cup shredded Cheddar cheese']",0
"Ingredients: ['Tomato, roma', 'Tomato Sauce, pasta, spaghetti/marinara, ready-to-serve', 'Peppers, bell, red, raw', 'Cheese, mozzarella, low moisture, part-skim', 'Cheese, feta, whole milk, crumbled', 'Bread, white, commercially prepared', 'Oil, olive, extra virgin', 'Spinach, mature', 'Cucumber, with peel, raw', 'Eggs, Grade A, Large, egg yolk'] Recipe: ['cooking spray', '1 tablespoon olive oil', '1 cup chopped fresh asparagus', '0.25 cup chopped green bell pepper', '2 tablespoons chopped red onion', '6 eggs', '0.5 cup milk', '0.25 teaspoon salt', '0.125 teaspoon ground black pepper', '1 cup shredded Cheddar cheese']",0
"Ingredients: ['Tomato, roma', 'Tomato Sauce, pasta, spaghetti/marinara, ready-to-serve', 'Peppers, bell, red, raw', 'Cheese, mozzarella, low moisture, part-skim', 'Cheese, feta, whole milk, crumbled', 'Bread, white, commercially prepared', 'Oil, olive, extra virgin', 'Spinach, mature', 'Cucumber, with peel, raw', 'Eggs, Grade A, Large, egg yolk'] Recipe: ['cooking spray', '0.25 pound breakfast sausage, fully cooked and crumbled', '4 large eggs, lightly beaten', '0.5 cup shredded Cheddar-Monterey Jack cheese blend', '2 tablespoons red bell pepper, diced', '1 green onion, chopped', '1 pinch cayenne pepper']",0
"Ingredients: ['Tomato, roma', 'Tomato Sauce, pasta, spaghetti/marinara, ready-to-serve', 'Peppers, bell, red, raw', 'Cheese, mozzarella, low moisture, part-skim', 'Cheese, feta, whole milk, crumbled', 'Bread, white, commercially prepared', 'Oil, olive, extra virgin', 'Spinach, mature', 'Cucumber, with peel, raw', 'Eggs, Grade A, Large, egg yolk'] Recipe: ['2 tablespoons olive oil', '6 small red potatoes, sliced', '1 cup torn fresh spinach', '2 tablespoons sliced green onions', '1 teaspoon crushed garlic', 'salt and pepper to taste', '6 large eggs', '0.33333334326744 cup milk', '0.5 cup shredded Cheddar cheese']",0
"Ingredients: ['Tomato, roma', 'Tomato Sauce, pasta, spaghetti/marinara, ready-to-serve', 'Peppers, bell, red, raw', 'Cheese, mozzarella, low moisture, part-skim', 'Cheese, feta, whole milk, crumbled', 'Bread, white, commercially prepared', 'Oil, olive, extra virgin', 'Spinach, mature', 'Cucumber, with peel, raw', 'Eggs, Grade A, Large, egg yolk'] Recipe: ['1 tablespoon olive oil', '2 teaspoons butter', '0.5 pound asparagus, trimmed, cut into 1-inch pieces', '8 eggs', '0.5 cup grated Parmesan cheese, or more to taste', '7 tablespoons milk', 'salt and freshly ground black pepper to taste', '1 tablespoon chopped fresh parsley']",0
"Ingredients: ['Tomato, roma', 'Tomato Sauce, pasta, spaghetti/marinara, ready-to-serve', 'Peppers, bell, red, raw', 'Cheese, mozzarella, low moisture, part-skim', 'Cheese, feta, whole milk, crumbled', 'Bread, white, commercially prepared', 'Oil, olive, extra virgin', 'Spinach, mature', 'Cucumber, with peel, raw', 'Eggs, Grade A, Large, egg yolk'] Recipe: ['0.5 cup diced salami', '0.5 cup artichoke hearts, drained and chopped', '0.5 cup chopped cherry tomatoes', '1 (4.5 ounce) can sliced mushrooms, drained', '6 eggs', '0.33333334326744 cup milk', '2 green onions, chopped', '1 clove garlic, minced', '1 teaspoon dried basil', '1 teaspoon onion powder', '1 teaspoon salt', 'ground black pepper to taste', '0.33333334326744 cup grated Parmesan cheese', '1 cup shredded mozzarella cheese']",0
"Ingredients: ['Tomato, roma', 'Tomato Sauce, pasta, spaghetti/marinara, ready-to-serve', 'Peppers, bell, red, raw', 'Cheese, mozzarella, low moisture, part-skim', 'Cheese, feta, whole milk, crumbled', 'Bread, white, commercially prepared', 'Oil, olive, extra virgin', 'Spinach, mature', 'Cucumber, with peel, raw', 'Eggs, Grade A, Large, egg yolk'] Recipe: ['2 tablespoons olive oil', '2 large russet potatoes, peeled and shredded', '1 medium onion, diced', 'salt and pepper to taste', '0.5 cup shredded Cheddar cheese', '4 eggs, beaten']",0
"Ingredients: ['Tomato, roma', 'Tomato Sauce, pasta, spaghetti/marinara, ready-to-serve', 'Peppers, bell, red, raw', 'Cheese, mozzarella, low moisture, part-skim', 'Cheese, feta, whole milk, crumbled', 'Bread, white, commercially prepared', 'Oil, olive, extra virgin', 'Spinach, mature', 'Cucumber, with peel, raw', 'Eggs, Grade A, Large, egg yolk'] Recipe: ['1 tablespoon olive oil', '0.66666668653488 cup 1-inch pieces broccoli florets', '0.5 red bell pepper, chopped', '0.5 sweet onion, chopped', '6 marinated olives, chopped', '2 eggs', '2 egg whites', '2 tablespoons whole milk', '1 pinch salt and ground black pepper to taste', ""0.25 cup crumbled sheep's milk feta cheese""]",0
"Ingredients: ['Tomato, roma', 'Tomato Sauce, pasta, spaghetti/marinara, ready-to-serve', 'Peppers, bell, red, raw', 'Cheese, mozzarella, low moisture, part-skim', 'Cheese, feta, whole milk, crumbled', 'Bread, white, commercially prepared', 'Oil, olive, extra virgin', 'Spinach, mature', 'Cucumber, with peel, raw', 'Eggs, Grade A, Large, egg yolk'] Recipe: ['2.5 cups cubed zucchini', '2.5 cups cubed yellow summer squash', '2 tablespoons kosher salt', '2 tablespoons olive oil, divided', '1 slice thick-cut bacon, cut crosswise into 1/4-inch strips', '8 large eggs', '0.25 teaspoon kosher salt, or to taste', 'freshly ground black pepper to taste', '1 pinch cayenne pepper', '2 tablespoons sliced green onions, or to taste', '0.33333334326744 cup diced red onion', '1 cup diced sweet peppers', '2 ounces grated sharp Cheddar cheese', '4 ounces goat cheese, crumbled']",0
"Ingredients: ['Tomato, roma', 'Tomato Sauce, pasta, spaghetti/marinara, ready-to-serve', 'Peppers, bell, red, raw', 'Cheese, mozzarella, low moisture, part-skim', 'Cheese, feta, whole milk, crumbled', 'Bread, white, commercially prepared', 'Oil, olive, extra virgin', 'Spinach, mature', 'Cucumber, with peel, raw', 'Eggs, Grade A, Large, egg yolk'] Recipe: ['2 tablespoons olive oil', '1 large baking potato, peeled and sliced 1/4 inch thick', '6 eggs, beaten', 'salt and pepper to taste']",0
"Ingredients: ['Tomato, roma', 'Tomato Sauce, pasta, spaghetti/marinara, ready-to-serve', 'Peppers, bell, red, raw', 'Cheese, mozzarella, low moisture, part-skim', 'Cheese, feta, whole milk, crumbled', 'Bread, white, commercially prepared', 'Oil, olive, extra virgin', 'Spinach, mature', 'Cucumber, with peel, raw', 'Eggs, Grade A, Large, egg yolk'] Recipe: ['1 tablespoon butter, melted', '12 eggs, beaten', '1 pound shredded pepper Jack cheese', '1 (16 ounce) container cottage cheese', '0.5 cup all-purpose flour', '1 teaspoon salt']",0
"Ingredients: ['Tomato, roma', 'Tomato Sauce, pasta, spaghetti/marinara, ready-to-serve', 'Peppers, bell, red, raw', 'Cheese, mozzarella, low moisture, part-skim', 'Cheese, feta, whole milk, crumbled', 'Bread, white, commercially prepared', 'Oil, olive, extra virgin', 'Spinach, mature', 'Cucumber, with peel, raw', 'Eggs, Grade A, Large, egg yolk'] Recipe: ['1 (9.6 ounce) package Jimmy Dean® Original Hearty Pork Sausage Crumbles', '2 cups cubed cooked red potatoes', '8 eggs', '0.25 cup grated Parmesan cheese', '0.25 teaspoon salt', '0.25 teaspoon ground black pepper', '0.5 cup chopped seeded tomato', '2 green onions, thinly sliced']",0
"Ingredients: ['Tomato, roma', 'Tomato Sauce, pasta, spaghetti/marinara, ready-to-serve', 'Peppers, bell, red, raw', 'Cheese, mozzarella, low moisture, part-skim', 'Cheese, feta, whole milk, crumbled', 'Bread, white, commercially prepared', 'Oil, olive, extra virgin', 'Spinach, mature', 'Cucumber, with peel, raw', 'Eggs, Grade A, Large, egg yolk'] Recipe: ['4 ounces bulk breakfast sausage', '8 eggs', '2 tablespoons heavy cream', '8 drops hot pepper sauce (such as Tabasco®), or more to taste', '2 tablespoons butter', '1 cup chopped mushrooms', '0.66666668653488 cup chopped red bell pepper', '0.5 cup chopped onion', 'salt and ground black pepper to taste', '0.5 cup chopped fresh spinach', '1 cup shredded Cheddar cheese']",0
"Ingredients: ['Tomato, roma', 'Tomato Sauce, pasta, spaghetti/marinara, ready-to-serve', 'Peppers, bell, red, raw', 'Cheese, mozzarella, low moisture, part-skim', 'Cheese, feta, whole milk, crumbled', 'Bread, white, commercially prepared', 'Oil, olive, extra virgin', 'Spinach, mature', 'Cucumber, with peel, raw', 'Eggs, Grade A, Large, egg yolk'] Recipe: ['cooking spray', '10 large eggs, beaten', '1 medium onion, chopped', '1 (10 ounce) package fresh mushrooms, chopped', '0.5 pound chopped fully cooked ham', '1 cup milk', '1 cup shredded Colby-Jack cheese', '0.5 cup crumbled goat cheese', '0.25 cup chopped cooked bacon', '0.25 cup shredded Parmesan cheese', 'salt and ground black pepper to taste']",0
"Ingredients: ['Tomato, roma', 'Tomato Sauce, pasta, spaghetti/marinara, ready-to-serve', 'Peppers, bell, red, raw', 'Cheese, mozzarella, low moisture, part-skim', 'Cheese, feta, whole milk, crumbled', 'Bread, white, commercially prepared', 'Oil, olive, extra virgin', 'Spinach, mature', 'Cucumber, with peel, raw', 'Eggs, Grade A, Large, egg yolk'] Recipe: ['1 tablespoon butter', '0.5 pound fresh asparagus, trimmed and cut into 1 inch pieces', '3 tablespoons olive oil', '0.5 pound fresh mushrooms, sliced', '6 eggs', '1 tablespoon water', '1 teaspoon chopped fresh thyme', '0.5 cup shredded mozzarella cheese', '3 tablespoons freshly grated Parmesan cheese']",0
"Ingredients: ['Tomato, roma', 'Tomato Sauce, pasta, spaghetti/marinara, ready-to-serve', 'Peppers, bell, red, raw', 'Cheese, mozzarella, low moisture, part-skim', 'Cheese, feta, whole milk, crumbled', 'Bread, white, commercially prepared', 'Oil, olive, extra virgin', 'Spinach, mature', 'Cucumber, with peel, raw', 'Eggs, Grade A, Large, egg yolk'] Recipe: ['cooking spray', '1 teaspoon olive oil', '1 red bell pepper, cut into thin strips', '1 medium white onion, thinly sliced', '0.25 cup milk', '4 egg whites', '2 eggs', '0.5 teaspoon salt', '0.5 teaspoon ground black pepper', '1 pinch ground cumin', '0.5 cup salsa']",0
"Ingredients: ['Tomato, roma', 'Tomato Sauce, pasta, spaghetti/marinara, ready-to-serve', 'Peppers, bell, red, raw', 'Cheese, mozzarella, low moisture, part-skim', 'Cheese, feta, whole milk, crumbled', 'Bread, white, commercially prepared', 'Oil, olive, extra virgin', 'Spinach, mature', 'Cucumber, with peel, raw', 'Eggs, Grade A, Large, egg yolk'] Recipe: ['cooking spray', '6 large eggs', '1.5 cups frozen chopped spinach, thawed and drained', '1 cup chopped red bell pepper', '7 ounces diced fully cooked ham', '0.75 cup egg whites', '0.25 cup crumbled feta cheese', '2 tablespoons water', 'salt and ground black pepper to taste']",0
"Ingredients: ['Tomato, roma', 'Tomato Sauce, pasta, spaghetti/marinara, ready-to-serve', 'Peppers, bell, red, raw', 'Cheese, mozzarella, low moisture, part-skim', 'Cheese, feta, whole milk, crumbled', 'Bread, white, commercially prepared', 'Oil, olive, extra virgin', 'Spinach, mature', 'Cucumber, with peel, raw', 'Eggs, Grade A, Large, egg yolk'] Recipe: ['3 medium zucchini, cut into 1/2-inch slices', '0.5 medium green bell pepper, seeded and chopped', '2 cloves garlic, peeled', '0.5 teaspoon salt', '3 tablespoons olive oil', '1 small onion, diced', '6 fresh chopped mushrooms', '1 tablespoon butter', '5 large eggs', 'salt and pepper to taste', '1 cup shredded mozzarella cheese', '3 tablespoons Parmesan cheese']",0
"Ingredients: ['Tomato, roma', 'Tomato Sauce, pasta, spaghetti/marinara, ready-to-serve', 'Peppers, bell, red, raw', 'Cheese, mozzarella, low moisture, part-skim', 'Cheese, feta, whole milk, crumbled', 'Bread, white, commercially prepared', 'Oil, olive, extra virgin', 'Spinach, mature', 'Cucumber, with peel, raw', 'Eggs, Grade A, Large, egg yolk'] Recipe: ['4 potatoes, peeled and cubed', '0.5 onions, sliced', '1 tablespoon vegetable oil', '8 eggs, beaten', '0.75 cup cubed ham', 'salt and pepper to taste', '0.75 cup shredded Cheddar cheese']",0
"Ingredients: ['Tomato, roma', 'Tomato Sauce, pasta, spaghetti/marinara, ready-to-serve', 'Peppers, bell, red, raw', 'Cheese, mozzarella, low moisture, part-skim', 'Cheese, feta, whole milk, crumbled', 'Bread, white, commercially prepared', 'Oil, olive, extra virgin', 'Spinach, mature', 'Cucumber, with peel, raw', 'Eggs, Grade A, Large, egg yolk'] Recipe: ['1 (12 ounce) jar marinated artichoke hearts', '1 bunch green onions, chopped', '1 pound sharp Cheddar cheese, grated', '9 large eggs, beaten', '14 saltine crackers, crumbled', '0.5 cup chopped fresh parsley', '2 cloves garlic, minced', '1 dash hot pepper sauce (such as Tabasco®)', 'salt and ground black pepper to taste']",0
"Ingredients: ['Tomato, roma', 'Tomato Sauce, pasta, spaghetti/marinara, ready-to-serve', 'Peppers, bell, red, raw', 'Cheese, mozzarella, low moisture, part-skim', 'Cheese, feta, whole milk, crumbled', 'Bread, white, commercially prepared', 'Oil, olive, extra virgin', 'Spinach, mature', 'Cucumber, with peel, raw', 'Eggs, Grade A, Large, egg yolk'] Recipe: ['1 teaspoon olive oil', '0.5 cup chopped onion', '1 clove garlic, minced', '0.5 cup diced green bell pepper', '1 zucchini, halved lengthwise and cut in 1/4 inch slices', '2 cups cooked and diced potatoes', '1 cup chopped fresh tomato', '2 tablespoons black olives', '4 eggs', 'salt and pepper to taste', '0.25 teaspoon dried oregano', '1 pinch cayenne pepper', '0.5 small tomato, sliced', '0.25 cup shredded mozzarella cheese', '0.25 cup grated Parmesan cheese']",0
"Ingredients: ['Tomato, roma', 'Tomato Sauce, pasta, spaghetti/marinara, ready-to-serve', 'Peppers, bell, red, raw', 'Cheese, mozzarella, low moisture, part-skim', 'Cheese, feta, whole milk, crumbled', 'Bread, white, commercially prepared', 'Oil, olive, extra virgin', 'Spinach, mature', 'Cucumber, with peel, raw', 'Eggs, Grade A, Large, egg yolk'] Recipe: ['1 large potato, peeled and cut into 1-inch cubes', '1 tablespoon extra-virgin olive oil', '0.125 cup leek, sliced into 1/4-inch pieces', '5 eggs', '0.25 cup grated Pecorino Romano cheese', 'salt and ground black pepper to taste', '0.125 cup chopped fresh flat-leaf parsley']",0
"Ingredients: ['Tomato, roma', 'Tomato Sauce, pasta, spaghetti/marinara, ready-to-serve', 'Peppers, bell, red, raw', 'Cheese, mozzarella, low moisture, part-skim', 'Cheese, feta, whole milk, crumbled', 'Bread, white, commercially prepared', 'Oil, olive, extra virgin', 'Spinach, mature', 'Cucumber, with peel, raw', 'Eggs, Grade A, Large, egg yolk'] Recipe: ['3 eggs', '3 tablespoons milk', '2 tablespoons butter', '2 potatoes, cubed', '0.5 cup cubed fully cooked ham', '0.25 cup chopped onion', '1.5 teaspoons minced garlic', '0.25 cup water, or as needed', 'salt and ground black pepper to taste', '0.25 cup shredded Cheddar cheese']",0
"Ingredients: ['Tomato, roma', 'Tomato Sauce, pasta, spaghetti/marinara, ready-to-serve', 'Peppers, bell, red, raw', 'Cheese, mozzarella, low moisture, part-skim', 'Cheese, feta, whole milk, crumbled', 'Bread, white, commercially prepared', 'Oil, olive, extra virgin', 'Spinach, mature', 'Cucumber, with peel, raw', 'Eggs, Grade A, Large, egg yolk'] Recipe: ['1 (10 ounce) package frozen chopped spinach, thawed and squeezed thoroughly to remove liquid', '4 eggs or equivalent egg substitute', '1 cup part-skim ricotta cheese', '0.75 cup freshly grated Parmesan cheese', '0.75 cup chopped portobello mushrooms', '0.5 cup finely chopped scallions with some green tops', '0.25 teaspoon dried Italian seasonings', '1 pinch Salt and pepper, to taste']",0
"Ingredients: ['Tomato, roma', 'Tomato Sauce, pasta, spaghetti/marinara, ready-to-serve', 'Peppers, bell, red, raw', 'Cheese, mozzarella, low moisture, part-skim', 'Cheese, feta, whole milk, crumbled', 'Bread, white, commercially prepared', 'Oil, olive, extra virgin', 'Spinach, mature', 'Cucumber, with peel, raw', 'Eggs, Grade A, Large, egg yolk'] Recipe: ['12 eggs', '1 teaspoon granulated garlic', '1.5 teaspoons salt, or to taste', '1.5 teaspoons ground black pepper, or to taste', '1 cup chopped spinach', '0.75 cup shredded Muenster cheese', '0.5 cup chopped onion']",0
"Ingredients: ['Tomato, roma', 'Tomato Sauce, pasta, spaghetti/marinara, ready-to-serve', 'Peppers, bell, red, raw', 'Cheese, mozzarella, low moisture, part-skim', 'Cheese, feta, whole milk, crumbled', 'Bread, white, commercially prepared', 'Oil, olive, extra virgin', 'Spinach, mature', 'Cucumber, with peel, raw', 'Eggs, Grade A, Large, egg yolk'] Recipe: ['10 large eggs, beaten', '0.5 cup all-purpose flour', '1 teaspoon baking powder', '1 pinch salt', '1 (16 ounce) container low-fat cottage cheese', '1 cup shredded Cheddar cheese', '1 (7 ounce) can diced green chile peppers, drained', '0.25 cup melted butter']",0
"Ingredients: ['Tomato, roma', 'Tomato Sauce, pasta, spaghetti/marinara, ready-to-serve', 'Peppers, bell, red, raw', 'Cheese, mozzarella, low moisture, part-skim', 'Cheese, feta, whole milk, crumbled', 'Bread, white, commercially prepared', 'Oil, olive, extra virgin', 'Spinach, mature', 'Cucumber, with peel, raw', 'Eggs, Grade A, Large, egg yolk'] Recipe: ['0.25 pound chorizo, crumbled', '1 (6 ounce) package baby spinach leaves', '2 cups cherry tomatoes, halved', '4 green onions, sliced', '6 eggs', '0.5 cup milk', '1.5 cups KRAFT Shredded Pepper Jack Cheese with a TOUCH OF PHILADELPHIA, divided']",0
"Ingredients: ['Tomato, roma', 'Tomato Sauce, pasta, spaghetti/marinara, ready-to-serve', 'Peppers, bell, red, raw', 'Cheese, mozzarella, low moisture, part-skim', 'Cheese, feta, whole milk, crumbled', 'Bread, white, commercially prepared', 'Oil, olive, extra virgin', 'Spinach, mature', 'Cucumber, with peel, raw', 'Eggs, Grade A, Large, egg yolk'] Recipe: ['3 cups bite-size broccoli pieces', '8 large eggs', '0.25 cup milk', '1 teaspoon paprika', '1 teaspoon salt', '1 teaspoon ground black pepper']",0
"Ingredients: ['Tomato, roma', 'Tomato Sauce, pasta, spaghetti/marinara, ready-to-serve', 'Peppers, bell, red, raw', 'Cheese, mozzarella, low moisture, part-skim', 'Cheese, feta, whole milk, crumbled', 'Bread, white, commercially prepared', 'Oil, olive, extra virgin', 'Spinach, mature', 'Cucumber, with peel, raw', 'Eggs, Grade A, Large, egg yolk'] Recipe: ['cooking spray', '7 egg whites', '3 eggs', '2 tablespoons half-and-half', '2 cups shredded zucchini', '1 cup chopped green onion', '3 tablespoons grated Parmigiano-Reggiano cheese']",0
"Ingredients: ['Tomato, roma', 'Tomato Sauce, pasta, spaghetti/marinara, ready-to-serve', 'Peppers, bell, red, raw', 'Cheese, mozzarella, low moisture, part-skim', 'Cheese, feta, whole milk, crumbled', 'Bread, white, commercially prepared', 'Oil, olive, extra virgin', 'Spinach, mature', 'Cucumber, with peel, raw', 'Eggs, Grade A, Large, egg yolk'] Recipe: ['4 tablespoons olive oil', '0.25 medium onion, chopped', 'salt and pepper to taste', '4 ounces pepper smoked salmon', '8 black olives, chopped', '6 eggs', '2 tablespoons milk', '2 tablespoons heavy cream', '0.5 (8 ounce) package cream cheese, cubed']",0
"Ingredients: ['Tomato, roma', 'Tomato Sauce, pasta, spaghetti/marinara, ready-to-serve', 'Peppers, bell, red, raw', 'Cheese, mozzarella, low moisture, part-skim', 'Cheese, feta, whole milk, crumbled', 'Bread, white, commercially prepared', 'Oil, olive, extra virgin', 'Spinach, mature', 'Cucumber, with peel, raw', 'Eggs, Grade A, Large, egg yolk'] Recipe: ['2 tablespoons olive oil', '1 large leek (white part only), chopped', '1 teaspoon salt, divided, or as needed', '1.5 cups (1/2-inch) sliced zucchini', '1 jalapeno pepper, seeded and diced', '1.5 cups (1/2-inch) pieces asparagus', '1 cup baby spinach', '1.5 cups sliced cooked potatoes', '12 large eggs', '0.5 teaspoon freshly ground black pepper', '1 pinch cayenne pepper', '4 ounces crumbled goat-milk feta cheese, divided']",0
"Ingredients: ['Tomato, roma', 'Tomato Sauce, pasta, spaghetti/marinara, ready-to-serve', 'Peppers, bell, red, raw', 'Cheese, mozzarella, low moisture, part-skim', 'Cheese, feta, whole milk, crumbled', 'Bread, white, commercially prepared', 'Oil, olive, extra virgin', 'Spinach, mature', 'Cucumber, with peel, raw', 'Eggs, Grade A, Large, egg yolk'] Recipe: ['6 slices bacon, chopped', '1 potato, peeled and sliced into thin 1-inch pieces', '2 tablespoons water, or as needed', '1 clove garlic, thinly sliced', '0.5 teaspoon red pepper flakes', 'salt and ground black pepper to taste', '1 bunch Swiss chard, chopped', '8 eggs, beaten', '0.33333334326744 cup grated Parmesan cheese']",0
"Ingredients: ['Tomato, roma', 'Tomato Sauce, pasta, spaghetti/marinara, ready-to-serve', 'Peppers, bell, red, raw', 'Cheese, mozzarella, low moisture, part-skim', 'Cheese, feta, whole milk, crumbled', 'Bread, white, commercially prepared', 'Oil, olive, extra virgin', 'Spinach, mature', 'Cucumber, with peel, raw', 'Eggs, Grade A, Large, egg yolk'] Recipe: ['1 tablespoon olive oil, or more if needed', '2 large potatoes, peeled and thinly sliced', 'salt and pepper to taste', '0.25 teaspoon smoked paprika, or to taste', '1 sweet Spanish onion, thinly sliced', '6 eggs', '1 teaspoon olive oil', '1 bunch fresh parsley, coarsely chopped', '1 tablespoon olive oil']",0
"Ingredients: ['Tomato, roma', 'Tomato Sauce, pasta, spaghetti/marinara, ready-to-serve', 'Peppers, bell, red, raw', 'Cheese, mozzarella, low moisture, part-skim', 'Cheese, feta, whole milk, crumbled', 'Bread, white, commercially prepared', 'Oil, olive, extra virgin', 'Spinach, mature', 'Cucumber, with peel, raw', 'Eggs, Grade A, Large, egg yolk'] Recipe: ['2 tablespoons olive oil', '0.5 cup red bell pepper, cut into thin matchsticks', '0.5 cup chopped onion', '3 large eggs', '0.5 cup milk', '1 (10 ounce) package frozen chopped spinach, thawed and squeezed dry', '1 cup chopped cooked ham', '0.5 cup shredded mozzarella cheese', '0.5 cup crumbled feta cheese', '0.5 teaspoon salt', '0.25 teaspoon ground black pepper']",0
"Ingredients: ['Tomato, roma', 'Tomato Sauce, pasta, spaghetti/marinara, ready-to-serve', 'Peppers, bell, red, raw', 'Cheese, mozzarella, low moisture, part-skim', 'Cheese, feta, whole milk, crumbled', 'Bread, white, commercially prepared', 'Oil, olive, extra virgin', 'Spinach, mature', 'Cucumber, with peel, raw', 'Eggs, Grade A, Large, egg yolk'] Recipe: ['1 tablespoon butter or margarine', '1 cup sliced mushrooms', '0.5 cup chopped green and/or red peppers', '0.33333334326744 cup chopped onion', '12 eggs', '0.25 cup water']",0
"Ingredients: ['Tomato, roma', 'Tomato Sauce, pasta, spaghetti/marinara, ready-to-serve', 'Peppers, bell, red, raw', 'Cheese, mozzarella, low moisture, part-skim', 'Cheese, feta, whole milk, crumbled', 'Bread, white, commercially prepared', 'Oil, olive, extra virgin', 'Spinach, mature', 'Cucumber, with peel, raw', 'Eggs, Grade A, Large, egg yolk'] Recipe: ['2 large potatoes, peeled and sliced', '1 tablespoon olive oil', '2 zucchini, sliced', '1 large onion, finely chopped', '8 eggs', '1 teaspoon dried oregano', '1 teaspoon cayenne pepper', 'salt and ground black pepper to taste']",0
"Ingredients: ['Tomato, roma', 'Tomato Sauce, pasta, spaghetti/marinara, ready-to-serve', 'Peppers, bell, red, raw', 'Cheese, mozzarella, low moisture, part-skim', 'Cheese, feta, whole milk, crumbled', 'Bread, white, commercially prepared', 'Oil, olive, extra virgin', 'Spinach, mature', 'Cucumber, with peel, raw', 'Eggs, Grade A, Large, egg yolk'] Recipe: ['2 small yellow potatoes', '10 eggs', '0.5 teaspoon hot sauce (such as Tabasco®)', '1 tablespoon chopped fresh tarragon', '2 tablespoons chopped fresh chives', '1 teaspoon lemon zest', 'Salt and ground black pepper to taste', '2 tablespoons olive oil', '0.25 cup diced red onions', '1 cup asparagus, cut into 3/4-inch pieces', '0.5 cup smoked salmon, broken into small pieces', '0.33333334326744 cup shredded Gruyere cheese']",0
"Ingredients: ['Tomato, roma', 'Tomato Sauce, pasta, spaghetti/marinara, ready-to-serve', 'Peppers, bell, red, raw', 'Cheese, mozzarella, low moisture, part-skim', 'Cheese, feta, whole milk, crumbled', 'Bread, white, commercially prepared', 'Oil, olive, extra virgin', 'Spinach, mature', 'Cucumber, with peel, raw', 'Eggs, Grade A, Large, egg yolk'] Recipe: ['1 serving cooking spray', '2 large eggs', '1 tablespoon pesto', '2 tablespoons ricotta cheese', '2 tablespoons freshly grated Parmesan cheese', 'freshly ground black pepper to taste', '1 tablespoon chopped green onion, or to taste']",0
"Ingredients: ['Tomato, roma', 'Tomato Sauce, pasta, spaghetti/marinara, ready-to-serve', 'Peppers, bell, red, raw', 'Cheese, mozzarella, low moisture, part-skim', 'Cheese, feta, whole milk, crumbled', 'Bread, white, commercially prepared', 'Oil, olive, extra virgin', 'Spinach, mature', 'Cucumber, with peel, raw', 'Eggs, Grade A, Large, egg yolk'] Recipe: ['1 large leek', '3 tablespoons extra-virgin olive oil, divided', '4 large eggs', '1 teaspoon baking powder', '1 teaspoon ground fenugreek', '0.75 teaspoon kosher salt', '0.5 teaspoon ground turmeric', '1.5 cups finely chopped fresh parsley', '1 cup finely chopped fresh cilantro', '0.75 cup finely chopped fresh dill']",0
"Ingredients: ['Tomato, roma', 'Tomato Sauce, pasta, spaghetti/marinara, ready-to-serve', 'Peppers, bell, red, raw', 'Cheese, mozzarella, low moisture, part-skim', 'Cheese, feta, whole milk, crumbled', 'Bread, white, commercially prepared', 'Oil, olive, extra virgin', 'Spinach, mature', 'Cucumber, with peel, raw', 'Eggs, Grade A, Large, egg yolk'] Recipe: ['1 tablespoon unsalted butter', '0.5 cup chopped onion', '1 cup Potato, red, flesh, cooked, baked', '0.5 (10 ounce) package frozen chopped spinach - thawed, drained, and squeezed dry', '1 (4 ounce) container crumbled feta cheese', '6 large eggs, lightly beaten', '0.25 cup heavy cream', '0.5 teaspoon smoked sweet paprika', '0.5 teaspoon salt, or to taste', '0.25 teaspoon ground black pepper, or to taste']",0
"Ingredients: ['Tomato, roma', 'Tomato Sauce, pasta, spaghetti/marinara, ready-to-serve', 'Peppers, bell, red, raw', 'Cheese, mozzarella, low moisture, part-skim', 'Cheese, feta, whole milk, crumbled', 'Bread, white, commercially prepared', 'Oil, olive, extra virgin', 'Spinach, mature', 'Cucumber, with peel, raw', 'Eggs, Grade A, Large, egg yolk'] Recipe: ['6 ounces frozen chopped spinach, thawed and drained', '1 cup ricotta cheese', '2 tablespoons sour cream', '0.5 cup grated Parmesan cheese', '0.5 cup shredded Cheddar cheese', '4 eggs', '0.25 cup milk', '0.25 teaspoon hot pepper sauce', '1 teaspoon ground cumin', '0.25 teaspoon ground black pepper', '0.5 teaspoon lemon pepper', '2 tablespoons dried parsley', '3 tablespoons salsa']",0
"Ingredients: ['Tomato, roma', 'Tomato Sauce, pasta, spaghetti/marinara, ready-to-serve', 'Peppers, bell, red, raw', 'Cheese, mozzarella, low moisture, part-skim', 'Cheese, feta, whole milk, crumbled', 'Bread, white, commercially prepared', 'Oil, olive, extra virgin', 'Spinach, mature', 'Cucumber, with peel, raw', 'Eggs, Grade A, Large, egg yolk'] Recipe: ['nonstick cooking spray', '2 large eggs', '1.5 tablespoons heavy whipping cream', '1 cup coarsely chopped spinach leaves', '0.5 cup diced mushrooms', '0.25 cup shredded sharp Cheddar cheese', 'salt and freshly ground black pepper to taste']",0
"Ingredients: ['Tomato, roma', 'Tomato Sauce, pasta, spaghetti/marinara, ready-to-serve', 'Peppers, bell, red, raw', 'Cheese, mozzarella, low moisture, part-skim', 'Cheese, feta, whole milk, crumbled', 'Bread, white, commercially prepared', 'Oil, olive, extra virgin', 'Spinach, mature', 'Cucumber, with peel, raw', 'Eggs, Grade A, Large, egg yolk'] Recipe: ['2 (3 ounce) packages chicken flavored ramen noodles', '6 eggs', '2 teaspoons butter', '0.5 cup shredded Cheddar cheese']",0
"Ingredients: ['Tomato, roma', 'Tomato Sauce, pasta, spaghetti/marinara, ready-to-serve', 'Peppers, bell, red, raw', 'Cheese, mozzarella, low moisture, part-skim', 'Cheese, feta, whole milk, crumbled', 'Bread, white, commercially prepared', 'Oil, olive, extra virgin', 'Spinach, mature', 'Cucumber, with peel, raw', 'Eggs, Grade A, Large, egg yolk'] Recipe: ['5 large eggs', '2 large egg whites', '2 tablespoons chopped fresh parsley', '0.25 teaspoon salt', '0.25 teaspoon ground black pepper', '1 tablespoon olive oil', '1 cup chopped red onion', '0.25 teaspoon salt', '0.25 teaspoon ground black pepper', '0.25 cup grape tomatoes, halved', '1 cup cooked Swiss chard (thawed if frozen)', '0.25 cup grated Parmesan cheese']",0
"Ingredients: ['Tomato, roma', 'Tomato Sauce, pasta, spaghetti/marinara, ready-to-serve', 'Peppers, bell, red, raw', 'Cheese, mozzarella, low moisture, part-skim', 'Cheese, feta, whole milk, crumbled', 'Bread, white, commercially prepared', 'Oil, olive, extra virgin', 'Spinach, mature', 'Cucumber, with peel, raw', 'Eggs, Grade A, Large, egg yolk'] Recipe: ['1.5 cups water', '0.75 cup quinoa, rinsed and drained', '2 eggs', '2 egg whites', '1 cup shredded zucchini', '1 cup shredded Swiss cheese', '0.5 cup diced ham', '0.25 cup chopped fresh parsley', '2 tablespoons grated Parmesan cheese', '0.25 teaspoon ground white pepper']",0
"Ingredients: ['Tomato, roma', 'Tomato Sauce, pasta, spaghetti/marinara, ready-to-serve', 'Peppers, bell, red, raw', 'Cheese, mozzarella, low moisture, part-skim', 'Cheese, feta, whole milk, crumbled', 'Bread, white, commercially prepared', 'Oil, olive, extra virgin', 'Spinach, mature', 'Cucumber, with peel, raw', 'Eggs, Grade A, Large, egg yolk'] Recipe: ['3 tablespoons bacon grease, divided', '1 head broccoli, chopped', '1 onion, diced', '1 green bell pepper, chopped', '0.5 (6 ounce) can minced black olives', '2 teaspoons minced garlic', '1 teaspoon chopped fresh oregano', '1 teaspoon chopped fresh basil', 'salt and ground black pepper to taste', '6 large eggs', '1 cup shredded mozzarella cheese']",0
"Ingredients: ['Tomato, roma', 'Tomato Sauce, pasta, spaghetti/marinara, ready-to-serve', 'Peppers, bell, red, raw', 'Cheese, mozzarella, low moisture, part-skim', 'Cheese, feta, whole milk, crumbled', 'Bread, white, commercially prepared', 'Oil, olive, extra virgin', 'Spinach, mature', 'Cucumber, with peel, raw', 'Eggs, Grade A, Large, egg yolk'] Recipe: ['cooking spray', '1 tablespoon butter', '0.5 cup finely chopped mushrooms', '0.5 teaspoon herbes de Provence', '1 pinch salt and ground black pepper to taste', '0.25 cup finely chopped scallions', '1.5 cups thinly sliced Swiss chard', '1 tablespoon water', '4 large eggs', '0.25 cup milk', '1 tablespoon coarsely grated Parmesan cheese', '1 teaspoon Dijon mustard', '2 tablespoons drained and chopped sun-dried tomatoes']",0
"Ingredients: ['Tomato, roma', 'Tomato Sauce, pasta, spaghetti/marinara, ready-to-serve', 'Peppers, bell, red, raw', 'Cheese, mozzarella, low moisture, part-skim', 'Cheese, feta, whole milk, crumbled', 'Bread, white, commercially prepared', 'Oil, olive, extra virgin', 'Spinach, mature', 'Cucumber, with peel, raw', 'Eggs, Grade A, Large, egg yolk'] Recipe: ['cooking spray', '2 teaspoons butter', '0.33333334326744 cup diced bell pepper', '0.33333334326744 cup chopped onion', '0.5 cup breakfast sausage crumbles', '0.5 cup shredded Colby Jack cheese', '6 eggs', 'salt and ground black pepper to taste', '0.5 teaspoon hot pepper sauce', '0.25 cup salsa, or more to taste']",0
"Ingredients: ['Tomato, roma', 'Tomato Sauce, pasta, spaghetti/marinara, ready-to-serve', 'Peppers, bell, red, raw', 'Cheese, mozzarella, low moisture, part-skim', 'Cheese, feta, whole milk, crumbled', 'Bread, white, commercially prepared', 'Oil, olive, extra virgin', 'Spinach, mature', 'Cucumber, with peel, raw', 'Eggs, Grade A, Large, egg yolk'] Recipe: ['cooking spray', '10 eggs, beaten', '1 (10.5 ounce) can condensed cream of mushroom soup', '2 cups shredded Cheddar cheese', '8 ounces deli-style roast beef, chopped', '0.5 teaspoon ground black pepper']",0
"Ingredients: ['Tomato, roma', 'Tomato Sauce, pasta, spaghetti/marinara, ready-to-serve', 'Peppers, bell, red, raw', 'Cheese, mozzarella, low moisture, part-skim', 'Cheese, feta, whole milk, crumbled', 'Bread, white, commercially prepared', 'Oil, olive, extra virgin', 'Spinach, mature', 'Cucumber, with peel, raw', 'Eggs, Grade A, Large, egg yolk'] Recipe: ['2 cups frozen hash brown potatoes', '0.5 cup shredded carrot', '0.25 cup chopped onion', '2 tablespoons chopped fresh parsley', '2 tablespoons butter', '1 to taste salt and pepper to taste', '8 eggs', '0.5 cup milk', '0.25 teaspoon dry mustard', '1 dash hot pepper sauce', '1 cup cubed cooked ham', '0.5 cup shredded Cheddar cheese']",0
"Ingredients: ['Tomato, roma', 'Tomato Sauce, pasta, spaghetti/marinara, ready-to-serve', 'Peppers, bell, red, raw', 'Cheese, mozzarella, low moisture, part-skim', 'Cheese, feta, whole milk, crumbled', 'Bread, white, commercially prepared', 'Oil, olive, extra virgin', 'Spinach, mature', 'Cucumber, with peel, raw', 'Eggs, Grade A, Large, egg yolk'] Recipe: ['0.5 teaspoon light olive oil', '2 tablespoons minced onion', '2 tablespoons minced carrot', '2 tablespoons minced celery', '2 tablespoons minced Italian (flat-leaf) parsley', '0.5 (8 ounce) package baby spinach leaves', '4 large eggs', '0.33333334326744 cup nonfat plain Greek yogurt', '1 teaspoon freshly ground black pepper', '0.5 teaspoon red pepper flakes']",0
"Ingredients: ['Tomato, roma', 'Tomato Sauce, pasta, spaghetti/marinara, ready-to-serve', 'Peppers, bell, red, raw', 'Cheese, mozzarella, low moisture, part-skim', 'Cheese, feta, whole milk, crumbled', 'Bread, white, commercially prepared', 'Oil, olive, extra virgin', 'Spinach, mature', 'Cucumber, with peel, raw', 'Eggs, Grade A, Large, egg yolk'] Recipe: ['6 eggs', '0.25 cup heavy cream', '2 dashes hot pepper sauce', '1 teaspoon chopped fresh basil', '1 teaspoon chopped fresh oregano', '0.25 teaspoon freshly ground black pepper', '0.33333334326744 cup freshly grated Parmesan cheese, divided', '1 teaspoon olive oil', '1 tablespoon butter', '12 shucked small oysters, drained', '2 tablespoons chopped fresh parsley']",0
"Ingredients: ['Tomato, roma', 'Tomato Sauce, pasta, spaghetti/marinara, ready-to-serve', 'Peppers, bell, red, raw', 'Cheese, mozzarella, low moisture, part-skim', 'Cheese, feta, whole milk, crumbled', 'Bread, white, commercially prepared', 'Oil, olive, extra virgin', 'Spinach, mature', 'Cucumber, with peel, raw', 'Eggs, Grade A, Large, egg yolk'] Recipe: ['0.25 cup olive oil', '2 potatoes, peeled', '4 slices bacon', '2 slices cooked ham, diced', '0.5 onion, thinly sliced', '0.5 red bell pepper, sliced', '4 eggs', '0.25 teaspoon Spanish seasoning']",0
"Ingredients: ['Tomato, roma', 'Tomato Sauce, pasta, spaghetti/marinara, ready-to-serve', 'Peppers, bell, red, raw', 'Cheese, mozzarella, low moisture, part-skim', 'Cheese, feta, whole milk, crumbled', 'Bread, white, commercially prepared', 'Oil, olive, extra virgin', 'Spinach, mature', 'Cucumber, with peel, raw', 'Eggs, Grade A, Large, egg yolk'] Recipe: ['cooking spray', '6 slices Swiss cheese, finely chopped', '6 slices deli ham, finely chopped', '8 eggs', '0.5 teaspoon onion powder', '0.5 teaspoon garlic powder', '0.25 teaspoon freshly ground black pepper']",0
"Ingredients: ['Tomato, roma', 'Tomato Sauce, pasta, spaghetti/marinara, ready-to-serve', 'Peppers, bell, red, raw', 'Cheese, mozzarella, low moisture, part-skim', 'Cheese, feta, whole milk, crumbled', 'Bread, white, commercially prepared', 'Oil, olive, extra virgin', 'Spinach, mature', 'Cucumber, with peel, raw', 'Eggs, Grade A, Large, egg yolk'] Recipe: ['1 (14 ounce) package Butterball® Smoked Turkey Dinner Sausage, halved lengthwise, and cut into 1/4-inch-thick slices', '1 cup diced green onions, white and green parts', '1.5 tablespoons olive oil', '10 large eggs, slightly beaten', '0.75 cup shredded mozzarella cheese', '0.33333334326744 cup freshly grated Parmesan cheese', '16 torn fresh basil leaves', '0.25 cup chopped sun-dried tomatoes', '0.25 teaspoon ground black pepper', '1 pinch Freshly grated Parmesan cheese', '1 leaf Fresh basil leaves']",0
"Ingredients: ['Tomato, roma', 'Tomato Sauce, pasta, spaghetti/marinara, ready-to-serve', 'Peppers, bell, red, raw', 'Cheese, mozzarella, low moisture, part-skim', 'Cheese, feta, whole milk, crumbled', 'Bread, white, commercially prepared', 'Oil, olive, extra virgin', 'Spinach, mature', 'Cucumber, with peel, raw', 'Eggs, Grade A, Large, egg yolk'] Recipe: ['0.33333334326744 cup fresh barberries', '1 bunch Swiss chard, stems removed', '1 bunch fresh parsley, tough stems trimmed', '1 bunch fresh cilantro, tough stems trimmed', '1 bunch fresh dill, tough stems trimmed', '1 bunch green onions, finely chopped', '0.5 cup walnuts, roughly chopped', '1 clove garlic, chopped', '1.5 teaspoons kosher salt (such as Diamond Crystal®)', '1 teaspoon dried fenugreek leaves', '1 teaspoon dried tarragon', '0.5 teaspoon ground turmeric', '0.25 teaspoon ground cinnamon', '0.25 teaspoon ground saffron', '0.25 teaspoon ground Damask rose petals', '0.25 teaspoon ground black pepper', '6 large eggs, or more as needed', '0.33333334326744 cup olive oil', '2 tablespoons olive oil']",0
"Ingredients: ['Tomato, roma', 'Tomato Sauce, pasta, spaghetti/marinara, ready-to-serve', 'Peppers, bell, red, raw', 'Cheese, mozzarella, low moisture, part-skim', 'Cheese, feta, whole milk, crumbled', 'Bread, white, commercially prepared', 'Oil, olive, extra virgin', 'Spinach, mature', 'Cucumber, with peel, raw', 'Eggs, Grade A, Large, egg yolk'] Recipe: ['cooking spray', '2 tablespoons olive oil', '2 cups fresh spinach, or to taste', '12 egg whites', '2 egg yolks', '1 tablespoon grated Parmesan cheese', '1 tablespoon shredded Mexican cheese blend', '1 teaspoon garlic powder', '0.25 teaspoon sea salt']",0
"Ingredients: ['Tomato, roma', 'Tomato Sauce, pasta, spaghetti/marinara, ready-to-serve', 'Peppers, bell, red, raw', 'Cheese, mozzarella, low moisture, part-skim', 'Cheese, feta, whole milk, crumbled', 'Bread, white, commercially prepared', 'Oil, olive, extra virgin', 'Spinach, mature', 'Cucumber, with peel, raw', 'Eggs, Grade A, Large, egg yolk'] Recipe: ['cooking spray', '0.5 pound bacon', '1 cup chopped broccoli', '1.5 tablespoons water', '10 eggs', 'salt and ground black pepper to taste', '1 cup shredded Cheddar cheese']",0
"Ingredients: ['Tomato, roma', 'Tomato Sauce, pasta, spaghetti/marinara, ready-to-serve', 'Peppers, bell, red, raw', 'Cheese, mozzarella, low moisture, part-skim', 'Cheese, feta, whole milk, crumbled', 'Bread, white, commercially prepared', 'Oil, olive, extra virgin', 'Spinach, mature', 'Cucumber, with peel, raw', 'Eggs, Grade A, Large, egg yolk'] Recipe: ['cooking spray', '1 teaspoon ghee (clarified butter)', '0.5 (8 ounce) package mushrooms, sliced', '0.25 cup chopped fresh spinach', '0.25 cup sliced cherry tomatoes', '2 medium green onions, sliced', 'salt and ground black pepper to taste', '6 large eggs', '0.5 cup shredded Cheddar cheese', '2 tablespoons chopped fresh parsley', '1 tablespoon freshly grated Parmesan cheese', '2 teaspoons Italian seasoning']",0
"Ingredients: ['Tomato, roma', 'Tomato Sauce, pasta, spaghetti/marinara, ready-to-serve', 'Peppers, bell, red, raw', 'Cheese, mozzarella, low moisture, part-skim', 'Cheese, feta, whole milk, crumbled', 'Bread, white, commercially prepared', 'Oil, olive, extra virgin', 'Spinach, mature', 'Cucumber, with peel, raw', 'Eggs, Grade A, Large, egg yolk'] Recipe: ['2 teaspoons olive oil', '1 cup chopped kale', '1/2 cup chopped fennel fronds', '4 large eggs, beaten', 'salt and freshly ground black pepper to taste', '1 (4 ounce) package feta cheese, crumbled']",0
"Ingredients: ['Tomato, roma', 'Tomato Sauce, pasta, spaghetti/marinara, ready-to-serve', 'Peppers, bell, red, raw', 'Cheese, mozzarella, low moisture, part-skim', 'Cheese, feta, whole milk, crumbled', 'Bread, white, commercially prepared', 'Oil, olive, extra virgin', 'Spinach, mature', 'Cucumber, with peel, raw', 'Eggs, Grade A, Large, egg yolk'] Recipe: []",0
"Ingredients: ['Tomato, roma', 'Tomato Sauce, pasta, spaghetti/marinara, ready-to-serve', 'Peppers, bell, red, raw', 'Cheese, mozzarella, low moisture, part-skim', 'Cheese, feta, whole milk, crumbled', 'Bread, white, commercially prepared', 'Oil, olive, extra virgin', 'Spinach, mature', 'Cucumber, with peel, raw', 'Eggs, Grade A, Large, egg yolk'] Recipe: []",0
"Ingredients: ['Tomato, roma', 'Tomato Sauce, pasta, spaghetti/marinara, ready-to-serve', 'Peppers, bell, red, raw', 'Cheese, mozzarella, low moisture, part-skim', 'Cheese, feta, whole milk, crumbled', 'Bread, white, commercially prepared', 'Oil, olive, extra virgin', 'Spinach, mature', 'Cucumber, with peel, raw', 'Eggs, Grade A, Large, egg yolk'] Recipe: []",0
"Ingredients: ['Tomato, roma', 'Tomato Sauce, pasta, spaghetti/marinara, ready-to-serve', 'Peppers, bell, red, raw', 'Cheese, mozzarella, low moisture, part-skim', 'Cheese, feta, whole milk, crumbled', 'Bread, white, commercially prepared', 'Oil, olive, extra virgin', 'Spinach, mature', 'Cucumber, with peel, raw', 'Eggs, Grade A, Large, egg yolk'] Recipe: []",0
"Ingredients: ['Tomato, roma', 'Tomato Sauce, pasta, spaghetti/marinara, ready-to-serve', 'Peppers, bell, red, raw', 'Cheese, mozzarella, low moisture, part-skim', 'Cheese, feta, whole milk, crumbled', 'Bread, white, commercially prepared', 'Oil, olive, extra virgin', 'Spinach, mature', 'Cucumber, with peel, raw', 'Eggs, Grade A, Large, egg yolk'] Recipe: []",0
"Ingredients: ['Tomato, roma', 'Tomato Sauce, pasta, spaghetti/marinara, ready-to-serve', 'Peppers, bell, red, raw', 'Cheese, mozzarella, low moisture, part-skim', 'Cheese, feta, whole milk, crumbled', 'Bread, white, commercially prepared', 'Oil, olive, extra virgin', 'Spinach, mature', 'Cucumber, with peel, raw', 'Eggs, Grade A, Large, egg yolk'] Recipe: []",0
"Ingredients: ['Tomato, roma', 'Tomato Sauce, pasta, spaghetti/marinara, ready-to-serve', 'Peppers, bell, red, raw', 'Cheese, mozzarella, low moisture, part-skim', 'Cheese, feta, whole milk, crumbled', 'Bread, white, commercially prepared', 'Oil, olive, extra virgin', 'Spinach, mature', 'Cucumber, with peel, raw', 'Eggs, Grade A, Large, egg yolk'] Recipe: ['1 avocado - peeled, pitted, and cut in half', '1/4 cup fresh mozzarella pearls', '1/4 cup cherry tomatoes, halved', '6 fresh basil leaves, thinly sliced', '1 tablespoon balsamic vinegar', 'salt and pepper to taste']",0
"Ingredients: ['Tomato, roma', 'Tomato Sauce, pasta, spaghetti/marinara, ready-to-serve', 'Peppers, bell, red, raw', 'Cheese, mozzarella, low moisture, part-skim', 'Cheese, feta, whole milk, crumbled', 'Bread, white, commercially prepared', 'Oil, olive, extra virgin', 'Spinach, mature', 'Cucumber, with peel, raw', 'Eggs, Grade A, Large, egg yolk'] Recipe: ['1 cup balsamic vinegar', '0.25 cup honey', '3 large tomatoes, cut into 1/2-inch slices', '1 (16 ounce) package fresh mozzarella cheese, cut into 1/4-inch slices', '0.25 teaspoon salt', '0.25 teaspoon ground black pepper', '0.5 cup fresh basil leaves', '0.25 cup extra-virgin olive oil']",0
"Ingredients: ['Tomato, roma', 'Tomato Sauce, pasta, spaghetti/marinara, ready-to-serve', 'Peppers, bell, red, raw', 'Cheese, mozzarella, low moisture, part-skim', 'Cheese, feta, whole milk, crumbled', 'Bread, white, commercially prepared', 'Oil, olive, extra virgin', 'Spinach, mature', 'Cucumber, with peel, raw', 'Eggs, Grade A, Large, egg yolk'] Recipe: ['2 tablespoons extra-virgin olive oil', '1 tablespoon balsamic vinegar', '1 teaspoon flaked salt, divided', '2 large heirloom tomatoes, thinly sliced', '2 ripe peaches - halved, pitted, and sliced into half moons', '1 (8 ounce) ball fresh mozzarella, thinly sliced', '6 leaves fresh basil']",0
"Ingredients: ['Tomato, roma', 'Tomato Sauce, pasta, spaghetti/marinara, ready-to-serve', 'Peppers, bell, red, raw', 'Cheese, mozzarella, low moisture, part-skim', 'Cheese, feta, whole milk, crumbled', 'Bread, white, commercially prepared', 'Oil, olive, extra virgin', 'Spinach, mature', 'Cucumber, with peel, raw', 'Eggs, Grade A, Large, egg yolk'] Recipe: ['1 pound spaghetti', '1.5 cups cherry tomatoes, halved', '0.5 cup olive oil', '3 tablespoons lemon-infused white balsamic vinegar', '2 cloves garlic, chopped', '0.33 cup chopped Thai basil', '1 (8 ounce) container small mozzarella balls in oil, halved', 'salt and freshly ground black pepper to taste']",0
"Ingredients: ['Tomato, roma', 'Tomato Sauce, pasta, spaghetti/marinara, ready-to-serve', 'Peppers, bell, red, raw', 'Cheese, mozzarella, low moisture, part-skim', 'Cheese, feta, whole milk, crumbled', 'Bread, white, commercially prepared', 'Oil, olive, extra virgin', 'Spinach, mature', 'Cucumber, with peel, raw', 'Eggs, Grade A, Large, egg yolk'] Recipe: ['20 toothpicks', '20 grape or cherry tomatoes, halved', '20 fresh basil leaves', '20 small balls fresh mozzarella cheese (often labeled bocconcini)', 'salt and pepper to taste', '0.5 cup balsamic vinegar', '0.25 cup extra virgin olive oil']",1
"Ingredients: ['Tomato, roma', 'Tomato Sauce, pasta, spaghetti/marinara, ready-to-serve', 'Peppers, bell, red, raw', 'Cheese, mozzarella, low moisture, part-skim', 'Cheese, feta, whole milk, crumbled', 'Bread, white, commercially prepared', 'Oil, olive, extra virgin', 'Spinach, mature', 'Cucumber, with peel, raw', 'Eggs, Grade A, Large, egg yolk'] Recipe: ['1.5 cups rotini pasta', '3 tablespoons pesto, or to taste', '1 tablespoon extra-virgin olive oil', '0.25 teaspoon salt, or to taste', '0.25 teaspoon granulated garlic', '0.125 teaspoon ground black pepper', '0.5 cup halved grape tomatoes', '0.5 cup small (pearlini) fresh mozzarella balls', '2 leaves fresh basil leaves, finely shredded']",0
"Ingredients: ['Tomato, roma', 'Tomato Sauce, pasta, spaghetti/marinara, ready-to-serve', 'Peppers, bell, red, raw', 'Cheese, mozzarella, low moisture, part-skim', 'Cheese, feta, whole milk, crumbled', 'Bread, white, commercially prepared', 'Oil, olive, extra virgin', 'Spinach, mature', 'Cucumber, with peel, raw', 'Eggs, Grade A, Large, egg yolk'] Recipe: ['0.5 cup olive oil', '0.5 cup balsamic vinegar', '1 clove garlic, minced', '1 teaspoon salt', '1 teaspoon ground black pepper', '4 cups baby spinach, rinsed and dried', '2 cups arugula, rinsed and dried', '2 cups grape tomatoes', '1 cup fresh bocconcini cheese, cut into bite-sized pieces', '1 cup minced red onion']",0
"Ingredients: ['Tomato, roma', 'Tomato Sauce, pasta, spaghetti/marinara, ready-to-serve', 'Peppers, bell, red, raw', 'Cheese, mozzarella, low moisture, part-skim', 'Cheese, feta, whole milk, crumbled', 'Bread, white, commercially prepared', 'Oil, olive, extra virgin', 'Spinach, mature', 'Cucumber, with peel, raw', 'Eggs, Grade A, Large, egg yolk'] Recipe: ['1 cup baby spinach leaves', '1 large tomato, sliced 3/4 inch thick', '1 ball of fresh mozzarella cheese, sliced', '2 tablespoons chopped fresh basil', '2 tablespoons balsamic vinegar', '1 tablespoon extra-virgin olive oil']",0
"Ingredients: ['Tomato, roma', 'Tomato Sauce, pasta, spaghetti/marinara, ready-to-serve', 'Peppers, bell, red, raw', 'Cheese, mozzarella, low moisture, part-skim', 'Cheese, feta, whole milk, crumbled', 'Bread, white, commercially prepared', 'Oil, olive, extra virgin', 'Spinach, mature', 'Cucumber, with peel, raw', 'Eggs, Grade A, Large, egg yolk'] Recipe: ['1 pound bocconcini (bite-size mozzarella balls)', '8 cherry tomatoes, halved', '0.5 cup chopped green bell pepper', '0.5 cup chopped celery', '0.5 cup Belgian endive leaves', '0.5 cup coarsely chopped arugula, stems included', '1.5 tablespoons fresh lemon juice', '3 tablespoons extra virgin olive oil', '2 tablespoons chopped fresh basil leaves', 'salt and freshly ground black pepper']",0
"Ingredients: ['Tomato, roma', 'Tomato Sauce, pasta, spaghetti/marinara, ready-to-serve', 'Peppers, bell, red, raw', 'Cheese, mozzarella, low moisture, part-skim', 'Cheese, feta, whole milk, crumbled', 'Bread, white, commercially prepared', 'Oil, olive, extra virgin', 'Spinach, mature', 'Cucumber, with peel, raw', 'Eggs, Grade A, Large, egg yolk'] Recipe: ['4 large ripe tomatoes, sliced 1/4 inch thick', '1 pound fresh mozzarella cheese, sliced 1/4 inch thick', '0.33333334326744 cup fresh basil leaves', '3 tablespoons extra virgin olive oil', 'fine sea salt to taste']",1
"Ingredients: ['Tomato, roma', 'Tomato Sauce, pasta, spaghetti/marinara, ready-to-serve', 'Peppers, bell, red, raw', 'Cheese, mozzarella, low moisture, part-skim', 'Cheese, feta, whole milk, crumbled', 'Bread, white, commercially prepared', 'Oil, olive, extra virgin', 'Spinach, mature', 'Cucumber, with peel, raw', 'Eggs, Grade A, Large, egg yolk'] Recipe: ['8 ounces fresh mozzarella cheese, cubed', '1 (10 ounce) basket cherry tomatoes', '3 tablespoons torn fresh basil leaves', '1 tablespoon olive oil', 'salt and pepper to taste']",1
"Ingredients: ['Tomato, roma', 'Tomato Sauce, pasta, spaghetti/marinara, ready-to-serve', 'Peppers, bell, red, raw', 'Cheese, mozzarella, low moisture, part-skim', 'Cheese, feta, whole milk, crumbled', 'Bread, white, commercially prepared', 'Oil, olive, extra virgin', 'Spinach, mature', 'Cucumber, with peel, raw', 'Eggs, Grade A, Large, egg yolk'] Recipe: ['2 medium tomatoes, diced', '1 (4 ounce) ball fresh mozzarella, cut into 1-inch cubes', '0.25 cup coarsely chopped fresh basil', '2 cloves garlic, minced, divided', '41 tablespoons olive oil, divided', '1 pound flank steak', 'salt and ground black pepper to taste', '1 (6.5 ounce) bag butter lettuce mix', '2 tablespoons balsamic vinegar, or to taste']",0
"Ingredients: ['Tomato, roma', 'Tomato Sauce, pasta, spaghetti/marinara, ready-to-serve', 'Peppers, bell, red, raw', 'Cheese, mozzarella, low moisture, part-skim', 'Cheese, feta, whole milk, crumbled', 'Bread, white, commercially prepared', 'Oil, olive, extra virgin', 'Spinach, mature', 'Cucumber, with peel, raw', 'Eggs, Grade A, Large, egg yolk'] Recipe: ['0.5 cup aged balsamic vinegar', '2 large Roma tomatoes, sliced into 1/4-inch-thick rounds', '1 large cucumber, peeled and sliced into 1/4-inch-thick rounds', '1 (8 ounce) package sliced fresh mozzarella cheese', '1 cup fresh basil leaves', '1 tablespoon olive oil', 'salt and ground black pepper to taste']",0
"Ingredients: ['Tomato, roma', 'Tomato Sauce, pasta, spaghetti/marinara, ready-to-serve', 'Peppers, bell, red, raw', 'Cheese, mozzarella, low moisture, part-skim', 'Cheese, feta, whole milk, crumbled', 'Bread, white, commercially prepared', 'Oil, olive, extra virgin', 'Spinach, mature', 'Cucumber, with peel, raw', 'Eggs, Grade A, Large, egg yolk'] Recipe: ['1 (12 ounce) jar roasted red peppers, drained', '16 slices fresh mozzarella cheese', '16 thick slices ripe slicing tomato', '32 leaves fresh basil', 'olive oil', '1 pinch ground black pepper to taste', '1 (4 ounce) can sliced black olives, drained']",0
"Ingredients: ['Tomato, roma', 'Tomato Sauce, pasta, spaghetti/marinara, ready-to-serve', 'Peppers, bell, red, raw', 'Cheese, mozzarella, low moisture, part-skim', 'Cheese, feta, whole milk, crumbled', 'Bread, white, commercially prepared', 'Oil, olive, extra virgin', 'Spinach, mature', 'Cucumber, with peel, raw', 'Eggs, Grade A, Large, egg yolk'] Recipe: ['6 tomatoes, cut into bite-size pieces', '0.25 cup extra-virgin olive oil, or more to taste', '1.5 tablespoons balsamic vinegar', '6 leaves fresh basil, cut into slivers', '0.5 pound mozzarella cheese, cut into bite-size cubes', 'salt and ground black pepper to taste']",0
"Ingredients: ['Tomato, roma', 'Tomato Sauce, pasta, spaghetti/marinara, ready-to-serve', 'Peppers, bell, red, raw', 'Cheese, mozzarella, low moisture, part-skim', 'Cheese, feta, whole milk, crumbled', 'Bread, white, commercially prepared', 'Oil, olive, extra virgin', 'Spinach, mature', 'Cucumber, with peel, raw', 'Eggs, Grade A, Large, egg yolk'] Recipe: ['8 roma (plum) tomatoes, halved lengthwise and seeded', '0.25 cup extra-virgin olive oil', '1.5 tablespoons balsamic vinegar', '1.5 teaspoons minced garlic', '2 teaspoons white sugar', 'sea salt to taste', 'ground black pepper to taste', '1 (16 ounce) package fresh salted mozzarella cheese, sliced 1/4-inch thick', '8 leaves fresh basil, cut in very thin strips', '1 tablespoon extra-virgin olive oil, or to taste', '1.5 teaspoons balsamic vinegar, or to taste']",0
"Ingredients: ['Tomato, roma', 'Tomato Sauce, pasta, spaghetti/marinara, ready-to-serve', 'Peppers, bell, red, raw', 'Cheese, mozzarella, low moisture, part-skim', 'Cheese, feta, whole milk, crumbled', 'Bread, white, commercially prepared', 'Oil, olive, extra virgin', 'Spinach, mature', 'Cucumber, with peel, raw', 'Eggs, Grade A, Large, egg yolk'] Recipe: ['4 ripe tomatoes, cut into wedges', '14 ounces fresh mozzarella cheese, diced', '1 red onion, sliced', '0.33333334326744 cup extra virgin olive oil', '0.33333334326744 cup balsamic vinegar', '0.25 cup chopped fresh basil', 'salt and pepper to taste']",0
"Ingredients: ['Tomato, roma', 'Tomato Sauce, pasta, spaghetti/marinara, ready-to-serve', 'Peppers, bell, red, raw', 'Cheese, mozzarella, low moisture, part-skim', 'Cheese, feta, whole milk, crumbled', 'Bread, white, commercially prepared', 'Oil, olive, extra virgin', 'Spinach, mature', 'Cucumber, with peel, raw', 'Eggs, Grade A, Large, egg yolk'] Recipe: ['4 large tomatoes', '4 tablespoons olive oil', 'ground black pepper to taste', '10 ounces mozzarella cheese, thickly sliced', '8 leaves fresh basil, torn into strips']",1
"Ingredients: ['Tomato, roma', 'Tomato Sauce, pasta, spaghetti/marinara, ready-to-serve', 'Peppers, bell, red, raw', 'Cheese, mozzarella, low moisture, part-skim', 'Cheese, feta, whole milk, crumbled', 'Bread, white, commercially prepared', 'Oil, olive, extra virgin', 'Spinach, mature', 'Cucumber, with peel, raw', 'Eggs, Grade A, Large, egg yolk'] Recipe: ['2 medium ripe tomatoes, sliced', '2 (4 ounce) balls burrata cheese. sliced', '10 leaves fresh basil', '1 tablespoon extra-virgin olive oil, or more to taste', 'salt and freshly ground black pepper to taste', '0.5 teaspoon balsamic vinegar']",0
"Ingredients: ['Tomato, roma', 'Tomato Sauce, pasta, spaghetti/marinara, ready-to-serve', 'Peppers, bell, red, raw', 'Cheese, mozzarella, low moisture, part-skim', 'Cheese, feta, whole milk, crumbled', 'Bread, white, commercially prepared', 'Oil, olive, extra virgin', 'Spinach, mature', 'Cucumber, with peel, raw', 'Eggs, Grade A, Large, egg yolk'] Recipe: ['1 (5 ounce) package baby arugula', '1 cup halved grape tomatoes', '1 cup small fresh mozzarella balls', '0.5 cup garlic seasoned croutons', '1 tablespoon basil paste', '0.25 cup balsamic vinaigrette salad dressing', '1 pinch salt and ground black pepper to taste']",0
"Ingredients: ['Tomato, roma', 'Tomato Sauce, pasta, spaghetti/marinara, ready-to-serve', 'Peppers, bell, red, raw', 'Cheese, mozzarella, low moisture, part-skim', 'Cheese, feta, whole milk, crumbled', 'Bread, white, commercially prepared', 'Oil, olive, extra virgin', 'Spinach, mature', 'Cucumber, with peel, raw', 'Eggs, Grade A, Large, egg yolk'] Recipe: ['0.5 cup balsamic vinegar', '1 bunch fresh basil leaves, chopped', '1.5 cups extra-virgin olive oil', '5 heirloom tomatoes, diced', '1 (8 ounce) container mini fresh mozzarella balls, diced', 'salt and ground black pepper to taste']",0
"Ingredients: ['Tomato, roma', 'Tomato Sauce, pasta, spaghetti/marinara, ready-to-serve', 'Peppers, bell, red, raw', 'Cheese, mozzarella, low moisture, part-skim', 'Cheese, feta, whole milk, crumbled', 'Bread, white, commercially prepared', 'Oil, olive, extra virgin', 'Spinach, mature', 'Cucumber, with peel, raw', 'Eggs, Grade A, Large, egg yolk'] Recipe: ['1 medium butternut squash, peeled and cut into 1-inch cubes', '2 teaspoons olive oil', 'salt and ground black pepper to taste', '1 ripe avocado', '1 cup cherry tomatoes, halved', '1 cup cubed smoked mozzarella cheese', '0.5 cup chopped fresh basil', '0.25 cup olive oil', '1.5 tablespoons balsamic vinegar', '0.5 tablespoon Dijon mustard', '0.5 clove garlic, minced']",0
"Ingredients: ['Tomato, roma', 'Tomato Sauce, pasta, spaghetti/marinara, ready-to-serve', 'Peppers, bell, red, raw', 'Cheese, mozzarella, low moisture, part-skim', 'Cheese, feta, whole milk, crumbled', 'Bread, white, commercially prepared', 'Oil, olive, extra virgin', 'Spinach, mature', 'Cucumber, with peel, raw', 'Eggs, Grade A, Large, egg yolk'] Recipe: []",0
"Ingredients: ['Tomato, roma', 'Tomato Sauce, pasta, spaghetti/marinara, ready-to-serve', 'Peppers, bell, red, raw', 'Cheese, mozzarella, low moisture, part-skim', 'Cheese, feta, whole milk, crumbled', 'Bread, white, commercially prepared', 'Oil, olive, extra virgin', 'Spinach, mature', 'Cucumber, with peel, raw', 'Eggs, Grade A, Large, egg yolk'] Recipe: ['3 large yellow tomatoes, sliced', '1 (4 ounce) package fresh basil, leaves stripped from stems', '3 large red tomatoes, sliced', '10 ounces fresh mozzarella cheese, sliced', '1 shallot, very thinly shaved', '2 tablespoons olive oil, or to taste', '1.5 tablespoons aged balsamic vinegar, or to taste', 'salt and ground black pepper to taste']",0
"Ingredients: ['Tomato, roma', 'Tomato Sauce, pasta, spaghetti/marinara, ready-to-serve', 'Peppers, bell, red, raw', 'Cheese, mozzarella, low moisture, part-skim', 'Cheese, feta, whole milk, crumbled', 'Bread, white, commercially prepared', 'Oil, olive, extra virgin', 'Spinach, mature', 'Cucumber, with peel, raw', 'Eggs, Grade A, Large, egg yolk'] Recipe: ['4 medium vine-ripened tomatoes', '16 ounces Burrata cheese', '1 bunch basil, leaves picked from stems', '0.5 cup extra-virgin olive oil', 'coarse salt and freshly ground black pepper to taste', '2 tablespoons balsamic glaze, or to taste']",0
"Ingredients: ['Tomato, roma', 'Tomato Sauce, pasta, spaghetti/marinara, ready-to-serve', 'Peppers, bell, red, raw', 'Cheese, mozzarella, low moisture, part-skim', 'Cheese, feta, whole milk, crumbled', 'Bread, white, commercially prepared', 'Oil, olive, extra virgin', 'Spinach, mature', 'Cucumber, with peel, raw', 'Eggs, Grade A, Large, egg yolk'] Recipe: ['2 tablespoons olive oil', '1 tablespoon balsamic vinegar', 'salt and freshly ground black pepper to taste', '2 medium ripe tomatoes, diced', '1 (4 ounce) ball burrata cheese, diced', '6 leaves fresh basil, finely chopped']",0
"Ingredients: ['Tomato, roma', 'Tomato Sauce, pasta, spaghetti/marinara, ready-to-serve', 'Peppers, bell, red, raw', 'Cheese, mozzarella, low moisture, part-skim', 'Cheese, feta, whole milk, crumbled', 'Bread, white, commercially prepared', 'Oil, olive, extra virgin', 'Spinach, mature', 'Cucumber, with peel, raw', 'Eggs, Grade A, Large, egg yolk'] Recipe: ['2 plum tomatoes, thickly sliced', '3 (4 ounce) balls buffalo mozzarella, thickly sliced', '1 avocado, cubed', '0.5 English cucumber, peeled and sliced', '0.5 cup green olives', '0.5 cup canned artichoke hearts, drained and chopped', '2 tablespoons torn fresh basil leaves', 'salt and ground black pepper to taste', '2 tablespoons olive oil', '1 tablespoon balsamic vinegar']",0
"Ingredients: ['Tomato, roma', 'Tomato Sauce, pasta, spaghetti/marinara, ready-to-serve', 'Peppers, bell, red, raw', 'Cheese, mozzarella, low moisture, part-skim', 'Cheese, feta, whole milk, crumbled', 'Bread, white, commercially prepared', 'Oil, olive, extra virgin', 'Spinach, mature', 'Cucumber, with peel, raw', 'Eggs, Grade A, Large, egg yolk'] Recipe: ['1 (16 ounce) package sliced fresh mozzarella cheese', '3 medium heirloom tomatoes, sliced', '2 large fresh peaches, pitted and sliced', '1 drizzle olive oil', 'salt to taste', '1 tablespoon chopped fresh basil, or to taste']",0
"Ingredients: ['Tomato, roma', 'Tomato Sauce, pasta, spaghetti/marinara, ready-to-serve', 'Peppers, bell, red, raw', 'Cheese, mozzarella, low moisture, part-skim', 'Cheese, feta, whole milk, crumbled', 'Bread, white, commercially prepared', 'Oil, olive, extra virgin', 'Spinach, mature', 'Cucumber, with peel, raw', 'Eggs, Grade A, Large, egg yolk'] Recipe: []",0
"Ingredients: ['Tomato, roma', 'Tomato Sauce, pasta, spaghetti/marinara, ready-to-serve', 'Peppers, bell, red, raw', 'Cheese, mozzarella, low moisture, part-skim', 'Cheese, feta, whole milk, crumbled', 'Bread, white, commercially prepared', 'Oil, olive, extra virgin', 'Spinach, mature', 'Cucumber, with peel, raw', 'Eggs, Grade A, Large, egg yolk'] Recipe: ['3 large heirloom tomatoes, sliced, or to taste', '1 (16 ounce) package fresh mozzarella cheese, sliced', '0.5 cup fresh basil leaves', '3 tablespoons extra-virgin olive oil', '1 pinch salt and ground black pepper to taste']",1